indonesia,sambas
"Halo, apa kabar?","Halo, ape kabar?"
Saya sedang belajar.,Aku agek belajar.
Dimana rumahmu?,dimane rumahmu?
Apa yang kamu lakukan?,Agek ngape kau ye?
Ini sangat menarik.,Menarik juak tok.
Saya suka makan nasi.,Aku suke makan nasek.
Kapan kamu pulang?,bile kau balik?
Siapa namamu?,sape namemu?
Berapa harga ini?,Berape harge itok?
Kamu lagi dimana,kau agek dimane
siapa namamu,sape namemu
kamu pergi dengan siapa,kau paggi dengan sape
apakah kamu sudah sampai?,udah datang ke kau?
kapan,bile
ngantuk,ngantok
rasa ingin jalan-jalan,rase nak jalan-jalan
saya sedang berjulan,aku agek jualan
lagi dimana,agek dimane
bolehkan saya meminjam uang,bolehke minjam duit
apa nama desamu,ape name kampongmu
lagi,agek
kamu,kau
aku,aku
saya,aku
kamu lagi,kau agek
aku lagi,aku agek
"kamu lagi dimana?, aku lagi makan","kau agek dimane?, aku agek makan"
dia,die
dimana,dimane
makan,makan
dari mana,dari mane
sudah tidur ya?,udah tidok ke?
tidur,tidok
iya,aok
iya,iye
mau,maok
sama,same
sama,dengan
enggak,daan
enggak,indak
suka,suke
kopi,kopi
jangan,usah
lupa,lupak
nya,nye
seperti,macam nak
dulu,dolok
yang,yang
yang,nang
iya mau sama siapa lagi,aok nak dengan sape agek
aku mau,aku maok
aku ingin,aku nak
aku ingin makan,aku nak makan
lelah,kappa'
siapa,sape
sudah,udah
belum,balom
21 hari lagi,21 ari agek
ada yang aneh,ade yang endah
agama mu apa,agame mu ape
ajarin lah bahasa sambas,ajarek lah bahase sambas
akhlak kamu itu baik,akhlakmu ye baik
aku belum bisa melupakan dia,aku balom bise melupakkan die
aku cinta dewi,aku cinte dewi
aku ingin ke pasar,aku nak ke pasar
aku ingin makan sapi dirumah ibu,aku nak makan sapi dirumah umak
aku ingin pergi kepasar,aku nak paggi kepasar
aku kangen,aku salok
anak Sambas,biak sambas
apa liat liat,ape liat-liat
apa lihat,ape liat
bacot kamu,bacot kau
belum ada duit,balom ade duit
belum ada duit,sian duit
boleh along ikutan,boleh along ikutan
boleh lah,boleh lah
cowok pacaran,cowok pacaran
cuaca panas begini minum es kopi enak kali,cuace berau getok minum es kopi nyaman kalu
dari pada tidak dibalaskan,dari pade daan dibalaskan
di cari,di care'
di mana saja,dimane ajak
dia pingin,die maok
Gajah,Gajah
gak kenapa,daan ngape
gak kenapa,daan ngape-ngape
gak mau,indak
lagi apa,ge ngape
gimana kabarmu,gimane kabarmu
hai cantik,hai cantek
hati ini hanya untuk kamu,hati ittok hanye untokkan kau
hatiku hanya untukmu,hatiku hanye untukmu
hay cantik,hay cantek
hujan rintik,ujan rintik
ingin makan malam,nak makan malam
ini game apa,ittok game ape
isco belum bisa tidur,isco balom bise tidok
iya nanti di ajari,aok kalak di ajarek
jangan macam-macam aku masih sayang,usah macam-macam aku maseh sayang
jangan terlalu main game,usah maing game tolen
jujur aja,jujor aja'
jujur sebenernya long gak mau jauh sama usu,jujor sebenernya long daan nak jauh same usu
kamu datang ke sini kapan,kau bile datang ke sitok
kamu juga sama,kau same juak
kamu ke sini,kau kesitok
kamu kemana tadi,kau kemane tadek
kamu kemana tadi gak datang ke tempatku,kau kemane tadek daan datang ke tampatku
kamu lah yang paling betul,kau lah yang paling battol
kamu masih sekolah kah,kau maseh sekolah ke
kamu pasti kangen,kau pasti salok
kamu sini,kau sitok
kamu tidak ikut,kau daan ikut ke
kamu tidak main,kau daan maing ke
kamunya ajah yang baru kelihatan,kau ajak yang barok keliatan
kangen dia pingin ketemu dia,salok die nak bejumpe
pingin,nak
pengen,nak
ingin,nak
kapan kamu pulang,bile kau balik
Kapan kapan aja bg ke sana,bile bile aja' bg kesinun
kapan kita berdua,bile kitte beduak
kenapa di matikan,ngape tang di matikan
kenapa kau melihat aku terus,ngape kau meliat aku tolen
kenapa lama,ngape tang lamak
kenapa marah,ngape tang marah
kesabaran aku lagi di uji,kesabaranku age' di uji
ketemu dia,bejumpe die
kok baru keliatan yah,tang barok keliatan i
lagi apa sih,age ngape we ye
lama juga yah,lamak juak i
makan bersama,makan besame-same
makan hati,makan ati
makanya jangan begadang,makaenye usah begadang
malam ini,malam ittok
malam ni,malam itok
mana ada aku pacaran,mane ade aku pacaran
mana aku tau dong,mane aku tau
Mana bisa nanti rusak hp ku,mane bise kalak rusak hp ku
masa yang bener,masa yang bener
mau bangunin tapi takut ganggu,nak bangunkan tapi takut ngacau
mau kontol,nak paler
mau nanya boleh,nak nanyak boleh ke
mengapa kau pergi,ngape kau paggi
menunggu waktunya aja  nanti tiba juga,tunggu aja' kalak ade waktunye
menunggu waktunya aja  nanti tiba juga,tunggu ajak kalak ade waktunye
nanti aku ketiduran,kalak aku ketido'an
ngomel terus dari tadi,ngerepek tolen dari tadek
orang sambas ngomong telur kura-kura gak bisa rebus,urang sambas yang ngomong tallo' kura-kura daan bise dirabbus
orang udah gak suka lagi susah mau bilang,urang udah daan suke age' payah nak padahkan
pada lagi ngapain sekarang,agek ngape saat itok
panas banget,berau inyan
pening tidak chat kamu,panning kepalak daan chat kau
pergi belanja,paggi belanje
pergi dinas,paggi dinas
Pergi WiFi ndak wahyu,paggi WiFi ke daan wahyu
pindah sekolah,pindah sekolah
santai disini dulu,santai disitok dolo'
saya ingin menciummu,aku nak nyium kau
saya ingin tidur,aku nak tidok
saya mau mandi,aku nak mandek
saya rindu calon istriku,aku salo' calon biniku
saya rindu kampung halaman,aku salo' kampong halaman
sebelum berangkat dinas fitnes dulu,sebalom berangkat dinas fitnes dolok
sebelum pergi dinas kita fitnes,sebalom paggi dinas kitte fitnes
sebelum pergi dinas kita fitnes dulu,sebalom paggi dinas kitte fitnes dolo'k
seperti kebakar,macam nak tebakar
silahkan makan,silekan makan
silahkan minum,silekan minum
sini aku mau bicara,sittok aku nak ngomong
sini aku mau ngomong,sittok aku nak ngomong
sini duduk di samping aku,sittok dudok di sampingku
sudah pada siap,udah siap
tempat yang bagus,tampat bagus
tidur mulu,tidok tolen
mulu,tolen
untuk besok,untokkan isok
ternyata masih pandai,rupenye maseh pandai
ya belajar lah,belajar lah
yang aslinya lah,yang aslinye lah
yang bener,inyan-inyan we
ye kenapa,ye ngape
benar lah tidak apa,Inyan lah daan ape
budak budak kau,biak biak kitak
duit nya banyak benar,duit nye banyak inyan
duit nya banyak hingga bertumpuk-tumpuk,duit nye belonggok
iya nanak makan bah,aok nanak makan we
yang mana,yang mane
hantu,butte
hantu,antu
ganjen,miang
ganjen,birrah
setan,setan
berteriak,ngeraok
setelah itu,lakak iye
lelah,kappak
siapa itu,sape ye
jitak,tempeleng
sendal jepit,slipar
sendal jepit,sandal
anda,dirre'
melihat,meliat
kikuk,gamam
menjaring ikan,nyale
miring,rencong
buk,buk
nginap,bemalam
keluarga,insanak
timun,intimun
sampai hatimu,sampai atimu
sampai hati,saggalnye
berisik,ingar
kedau,kaddau
eram,arram
aku ya,aku i
okay,oke
sobek,rambau
sobek,koyak
cubit,kuttis
tidak mengerti,daan ngerati
tetapi,tapi
sebab,sabbab
remuk,rammok
mesum,birah
nya,eng
kemarin,semari
bertaburan,betaboran
ngeri,rabban
pantas,pantas
sadar,meladde
almarhum,jannat
almarhumah,jannat
teras,serambek
kamu,direk
situ,sie
serupa,macam nak
ngintip,nillik
pantesan,padan
malu sendiri,kassang
geser,enser
celana dalam,seluar
tergesa-gesa,gopoh
hama pohon kelapa,imbatar
kumbang,imbatar
kamu tidak,kau daan
tidak terasa,daan keladaan
tidak terasa,daan terase
berkat,berkat
berkat,kemaren
setelah itu,lakka' iye
sekung,cakkong
itu saja,iye ajak
amboi,doh adoh
potong,karrat
bohong,bulla'
merekah,merakkah
merekah,meladdor
diberi alas,ganjal
mengomel,ngerepek
kenal,kannal
menyetir,nyuper
awal,pungkak
nangka,nagka'
mengada-ngada,meramput
labu air,labu aek
lambat,alon
lambat,palan
lambat,ulut
memiliki,ade
berasal,asal
memaki,incarut
embun,ambun
biarkan,alekan
bertengger,nenggek
lurus,kajjor
bagaimana,gaikemane
bagaimana,gaimane
bagaimana,gimane
berlari,becaccak
kesurupan,kesarongan
hey,hai
mandi,mandek
tawari,suguhe'
tawari,tawarkan'
caping,capel
caping,tanggoy
nyetir,nyuper
kesal,ibboh
hey,hei
pingsan,cuttam
untuk,kan
untuk,untok
hilir,ille'
goyang,joget
memaki,incarrut
berhias,bemesen
bermakeup,bemesen
mual,mue'
muntah,mue'
cuci muka,impungas
tidak ada,si'an
tidak ada,sian
lewat tanpa permisi,meloros
suami,laki
tolong,tullong
ambil jalan pintas,bantas
ambil jalan pintas,mantas
nyenyak,nyannyak
beras putih ditumbuk,kasai
bertebaran,betaboran
berjualan,bejualan
enau,belullok
hutan rimba,udas
menyanjung,ambol
garuk,nggarrok
menangkap ikan dengan tangan kosong,ngammal
bahwa,bahwe
menukar,nukkar
sejenis,bangse
sejenis,macamnak
lari,cacak
lari,becacak
saya pikir,kusangkak
menegur,naggor
ubi kayu,bandong
tebus,tabus
sepupu,petunggalan
ngejek,ngolok
membuka lebar,bissak
burung,burrong
kelapa,kelapak
rupanya,gassa'ang
benci,bancik
ruang depan,ruang dapan
mematahkan,pulakkan
mengelap,allap
minum kopi,ngopi
menjalani,nyalanek
para anak kecil,cik kericik
air,aek
kapalan,kaddalan
bopeng,bore'
sedotan,garong
maklum,ma'lom
Kalimantan Barat,Kalimantan barat
sampah,uras
berhenti,beranti
beristri,bebini
mudah,gampang
makan lauk dalam jumlah banyak.,ratah
makin,mangkin
gelang,gallang
geli,galli'
jentik,ingkatek
jentik-jentik,ingkatek
berdentang,bedancang
bersihkan lantai,ngappel
bersihkan lantai,ngallap
iklan,tajak
tempat sirih,cambol
kah,ke
keranjingan,tegile-gile
menjadi jadi,makin jadi
percaya,pecayak
laut,laot
tunggu,tunggu
tunggu,tantek
lemari,bopet
salto,balik belungkang
salto,balik belungking
pening,paning
basa basi,buang pelambai
terpikat,tepikat
10 ribu,10 ribu
nafsu,nafsu
ubi jalar,kimmille'
setrika,nereka
helai,allai
bangkrut,bingkrap
tidak tegap,gaggai
kepinding,impijjat
berjalan beriringan,beririk
batuk keras,betakkol
beruntun,bejabu
anjing,asok
mendengar,nangar
berkah,barkah
bandel,soso
nakal,soso
merinding,ngeranjang
benarlah,inyan ke
ber,be
anting-anting,subbang
anting,subbang
kemudian,laka' iye
ikan laut,ikan laut
kurus,kerempeng
kurus,kurus
menggeleng,ngelek
adzan,ngabbang
menjumpai,jumpe
basah sekali (lantai),laccah
datuk,dato'
emping padi yang masih muda,sance
duduk,duddok
tampan,ganteng
perkenalan,perkenalan
bengkak,kambang
terbalik,belungking
terbalik,tebalik
maka,mangke
terjatuh,belabik
terjatuh,tebuang
terjatuh,telantang
hama,ammak
mesjid,masjid
gaet,kaik
anak muda,biak muda
tumbuk,tumbok
gila,babang
gila,lingau
gila,nyanyang
anak,biak
urang,biak
kembali,mbalik
kembali,mballik
kembali,mallik
kembali,malik
belajar,nuntut ilmul
belajar,belajar
hangus,rattong
hangus,angus
pecah,tababbas
jomblo,jomblo
handsome,kacak
dubur,jubbor
ancam,ancam
cuti,cuti
ingin lagi,nganynyat
dua,duak
bergetar,begajjik
bergetar,begantar
hampir,amper
libur,libur
masih kenyang,sabbol
kata,nye
kata,jinye
katanya,jinye
kata nya,jinye
oleh karena,lantaran
oleh karena,mangke
spatula,penculik
kaca,kace
besertaan,seratte
main ditempat tidur,berundan
setengah,sitangah
berkelahi,begasak
berkelahi,bekelai
tidak dapat berbuat apa-apa,nda tigalle-galle
jauh,jaoh
potong habis,babat
ngerti,ngerati
drum,leger
meninju,ninju
meninju,barri
bangun,bangun
tak berdaya,tilempe
mandi disungai,mandek disungai
mandi disungai,bekappak
berladang,kumme
mekar,mangkar
semau hati,Asal-asalan
jemuran,ansaian
tembem,kemol
cakar,cabau
pergi,paggi
kesini,kesitok
berkicau,ngeracau
pantau,tirrau
berliku,kelok
berliku,bekelok
perkara,pekare
marah,manas
minum,minnum
pacar,cinte
berkedip sebelah mata,ngijjat
sendok,suddo'k
cambang,jambang
kemana,kemane
perlahan-lahan,alon
mencakar,nyakar
dorong,angsor
menangguk,nanggok
parang untuk memotong kayu,parang majok
beduk,baddok
nasib,nasseb
buang air besar,tiberak
cair,caer
menututupi badan dengan kain,bekumbo'
sakit koreng dikaki,rabbo'
tidak ada,dak ade
bau busuk tumbuhan,bangar
mendukung,dukkong
pelit,retok
pelit,palek
pelit,tuko'an garam
serangga,bangas
pada,antul
pada,antol
pada,ntol
melihat,nammu
begitu,geyye
ayunan anak-anak,kuyyut
berbicara,ngomong
puasa,puase
memasuki,masok
tenggorokan,kerongkongan
tepat,tapat
jenis,jannis
teriak-teriak tak karuan,keraok-kepadau
ribut,ingngar
tidak ikhlas,ribbe
tidak ikhlas,daan ikhlas
iklan tv,tajak
kura-kura,kurra'
tidak beres,daan ganah
sebenarnya,sebanarnye
menyingkirkan,nyingkerkan
memuaskan,bele
nyamar,nyamar
ya,ao'
tebak,nujjum
jeput,japput
keluarga,family
mahir,lihai
emak,umak
tidak,indak
buntu,buntu
terompah,sandal
halus,alus
terkentut,tikantut
lembu,lambu
kehendak,kemaok'an
raut muka berubah karena panik akibat terkejut akan sesuatu,keseng
raut muka berubah karena panik akibat terkejut akan sesuatu,kasang
rapat / musyawarah,bemeteng
mataku perih,mateku padeh
keadaan tidak stabil,layau
berdetak kencang,bedagub
ngemong bayi,nunggah
licin,liccing
dunia,dunie
"diam di tempat, tidak kemana-mana",nogo'
tidak kemana-mana,nogo'
diam di tempat,nogo'
membersihkan gigi dari sisa makanan,ningngak
orang yang gemuk dan besar,tebam
layang,waw
layang,uwaw
daya tampung,muat
lonte,moler
terlena,khayyal
nasib bagus,heng
intip,nilik
bagaimana,gemane
bahenol,montok
lumpuh,lumpoh
kunci,kunci
sange,sangek
botak,botak
kontribusi,ikut nyumbang
mirip,se'nyalah
tidak bisa berdiam diri,ngelatap
kagum,heran
belum,ballom
bau keringat yang kering karena berjemur,bau ari
hancur,ancor
hancur,laccor
kunang kunang,impapat
pedas,paddas
seperti,bagai nak
pukulan menggunakan kayu kecil atau rotan,rimpat
bibi,ma' tua'
bibi,mak tuak
tante,ma' tua'
tante,mak tuak
tetak,tibak
selembar,selambar
adalah,adalah
orang yang kuat makan,bogoh
rakus,bogoh
koreng besar,baggeng
kapal,motodr aek
terputus,pagat
tahu sama tahu,tau same tau
tidak kemana-mana,nogo'k
tidak kemana-mana,daan kemane-mane
lap lantai,incalap
lusuh,lumus
heran,hesap
tak dapat mengerti,hesap
tak dapat mengerti,daan bise ngeratti
suka mengganggu,jajjal
suka mengganggu,suke ngacau
keduanya,kedua'ang
keduanya,kedua'nye
perigi,ge'
macam-macam,macam-macam
macam-macam,banyak-ragam
melepet,ngelepet
menekan,miccik
menanam ladi,nanam padi
delima,delimme
cara,care
kura kura,kura'
cicak,caccak
keruk,karrok
mengeruk,ngarrok
penuh sesak,sassak
keren,mantap
keren,sega'k
sedangkan anak kecil aja tau pacaran,sadangkan biak kacik ajak dah tau becinte
montok,jambal
sikut,siggong
pakaian pengantin,jamang
ngesot,ngensot
yuk,dah
bulan,bullan
mana,mane
musim penyakit,awar
menyaingi,nengkes
ingin lagi,nganyan
ingin lagi,maok agek
alot,liut
buruk,burrok
kesadaran,kesadaran
jendela,penyawan
orang kampung,anak sungai
orang kampung,biak sungai
orang kampung,biak kampong
orang kampung,urang kampong
mengurut,ngurut
yaampun,yak-bayak
bicara,ngomong
dot,pantel
berasal dari tempat yang sama,kalle' sekurongan
handphone,hp
beruntung,beruntong
tak bisa diam,ngeracau
tak bisa diam,daan bise diam
tidur berdengkur,besangor
ngorok,nyangor
tiada,sian
pening,panning
kita,kamek
matang,masak
pantesan,pantasan
nanti,ka'ang
nanti,kalak
cemberut,tebajju'
tempel,lakatkan
zaman dulu,gek dolo'
tidak mungkin,ingkoset
asal usul,asal usol
hasil,hasel
bersih,barseh
berbaring,beguringan
tarik,jujjut
pisau,lading
pisau,pisok
syukur,sukor
sah,sah
sah,aci
jatuh dari ketinggian,tebuang
mempan,mampan
bentak,bantak
selingkuh,selingkuh
selingkuh,bekandak
mengada-ngada,ngade-ngade
pecah (kecelakaan),tebabbas
pecah,tebabbas
malas mau keluar hujan terus,malas nak keluar ujan tolen
pukul,pangkong
libur,parrai
disebut,kanak sabut
kotor sekali,bakkok
sangat kotor,bakkok
kotor akibat lumpur,bakkok
menanyakan,nanyakkan
bercakap-cakap,ngomong
mahir,maher
terjatuh,tejerungus
beras lembut,banjar
sini,sitok
lalai,leler
buang,buang
buang,layyah
duet,duet
onani,meloco'
onani,melocok
dermaga,steher
dermaga,pelabohan
menahan malu,keseng
salting,keseng
salah tingkah,keseng
salah tingkah karena menahan malu,keseng
salting,kasang
salah tingkah,kasang
salah tingkah karena menahan malu,kasang
garuk,garok
garuk,kissai
pojok,pittok
kemana-mana hilang arah,pitau
kemana-mana,pitau
hilang arah,pitau
menyigung,nyiggong
suara,suare
dapur,pelantaran
darah,darah
gorden,tirai
pindah,kaleh
pindah,pindah
jendela kecil,penjawan
sedia,sedie
luka bakar,batto'
luka bakar,battok
madu,madok
memisahkan,misahkan
selamatan anak,gunting rambut
marah dengan kata-kata,ngerebeh
ditawarkan,kanak tampahek
tambur,gredek
semari,kemarin
pusing,ngallu
pusing,panning
tendang,tandang
parfum,parfum
parfum,minyak wangi
parfum,minyak bau
cangkul,cangkol
cuaca,cuace
cuaca,hawe
menelan,nallan
menelan,nyompol
terbentuk relung bulat,tebelassong
bocor,bobos
peluit,lipri
goresan,calar
tumbuhan ditepi parit,bundong
dupa,kemanyan
mukena,undong undong
lemah,lammah
lesu,lassu
lemah,lunglai
tumpukan,tumpokan
berlipat ganda,belipat gande
menjadi kebiasaan,ngannyat
kebiasaan,kannyat
tepat waktu,simakai
manyun,muncong
ayo,dah
kalo,mun
jika,mun
nyesek,pillok
pertemuan,pertamuan
tembok,dinding
kerja,kerajje
lain,laing
nyontek,nirru
semoga,semoge
semoga,mudah-mudahhan
cantik sekali,cantek inyan
selai,sallai
laksamana,laksmane
tamak,kamo'
tidak masuk,daan masok
bermain atau berenang di parit atau sungai,ngaboh
elastis,liut
bergantian,sengantek
oval,bonjong
mencium,nyium
benar,nyan
ketularan,kanak jangkitek
ujar,jinye
rajin,rajing
pegang erat-erat,cakkal
berjalan sambil begaya,ngegah
jahe,layyak
lalat,lalat
tersedak,kesadakkan
mari,dah
celana panjang,selawar
meraba-raba didalam gelap,betatap
menukik,nyirrok
cerita rakyat,gargasi
terkenang,tikannang
baung,baong
akan,nak
kiri,kerek
minta ikut,nunda'
kafir,kaper
terik,tarrik
panas terik,bedangkang
balon,balon
balon,kelambong
nanti,kalla'
telungkup,tingkap
sendal,selepar
sendal,sandal
peluk,dakok
bujur,bujjor
apalagi,ape age'
kulit,kulik
rasanya,rasenye
agar,garre
agar,supaye
mencoret,corek
mencoret,nyorek
kuat,kabbal
ke sini,ke sitok
patuh,manoh
barang,barang
dapur,siok
vagina,pepek
vagina,tundun
gendut,gammok lempong
melamun,melamun
ya,ye
ya,aok
ya,i
nanti ya,kalak i
maksudnya,maksudnye
nenek,uwan
nenek,ne' wan
nenek,nek uwan
emosian,rangasan
kelilipan,kalimpanan
kurang berhati-hati,lappe
masih,maseh
entah lah ya,intah be i
entah lah ya,intah lah i
nakal,bale
aqiqah,kekah
pinggir,tappi
inilah,itto'dih
inilah,itto'lah
inilah,ittok dih
inilah,ittok lah
tembem,kammol
tengah malam,tangah malam
peras,parras
gelas,gallas
gelas,cawan
gelas,cangker
cangkir,gallas
cangkir,cawan
cangkir,cangker
pukul,baddap
bekerja,keraje
mencegat,caggat
berdiri lurus,caggat
tegak lurus,caggat
mata pisau yang rusak,labang
nongol,nyongol
pendek,pandak
pendek,pendek
hitung,ittong
sisa,sisa
sisa,keradak
ampas,keradak
menyatakan,menyatekan
terluka,teluka'
kurang waras,babbang
kurang waras,nyanyok
kurang waras,nyannyang
acara sedekah,ngeluarkan
syukuran,ngeluarkan
tetap,tatap
ketularan,nyangkit
lambai,lambai
astaga,bayak
astaga,yak bayak
lamban,ulut
tempat pencucian perlatan dapur,inciringan
kumbang,ampal
jahit,jaik
belok kanan,melok kanan
helo,helo
tidak pernah,daan suah
menjodohkan,madankan
kalung,kungkong
banyak tanya,alek
bajingan,keparat
ladang,umme
sawah,umme
toko,tokoh
bahasa sambas,bahase sambas
kera,karra'
kera,barrok
terjerumus,tijerumus
menggoda,ngode
menggoda,nyakat
dipukul,belabbau
dipukul,kanak pukol
ada apa,ade ape
suku,suku
suku,kaum
suku,urang
hanya,cumme
hanya,hanye
mengomel,ngerepe'
asyik,suke
coli,melocok
suka sekali,suke lalu
sangat menyenangkan,suke lalu
bertebaran,belampar
membicarakan orang lain,beragi
berubah pikiran,berubah pikeran
seperti,maccam
seperti,bagai
seperti,maccam nak
berhubungan seksual,nganjek
dapat melihat dengan jelas,awas
jam,jam
jam,ajjam
kegatalan,miang
berkelahi,becabau
mengisi,ngissek
bercanda,pongah
bokong,burrik
menggemaskan,ngarammek
kejar,kajjar
kejar,halau
potongan rambut tidak rapi,balar
setelah itu,lakkak iye
bau pesing,rangngang
burung beo,tiong
membesar,lamber
kuyu,layo'
layu,layo'
gitu,gie
lamanya,lamaknye
saja,ja'
menangkap,nangkap
dandan,bemesen
meniup,ngambus
bermain,beajal
jalan-jalan,begayau
peluru sumpit,damak
bangunkan,mangunkan
genting,ganting
jalan raya,lorong
jalan,lorong
lucu,ngaliek
aku mau berangkat,aku nak berangkat
aku mau pergi,aku nak paggi
lancar,lancar
terkulai,tekullai
perkataan,omongan
ingin pergi,nak paggi
hingga,hingge
hingga,sampai
kelaparan,kelaparan
kelaparan,kebulorran
bagian depan kapal,haluan
benang kusut,muntal
kusut,muntal
muji,pujji
muji,mujji
ditutup,ditutup
ditutup,dikatupkan
keong sawah,irek-irek
teruntuk,untokkan
tempurung kelapa muda,kalok
tidak kemana-mana,nogok
malu,suppan
malu,camma'
bau amis,ampis
kampak,kapak
menghalangi,ngalikek
menghalangi,ngalangek
menghalangi,ampang
setelah,lakak
setelah,ba'de
nasi,nasek
demi,dammi
korek api,korek
korek api,korek api
korek api,merirang
main curang,singakal
main curang,bangsat
berbincang,ngelakar
tidak tidur,daan tidok
memutar,muttar
perkenankanlah,kanalkan
campur baur,campor adok
bayar,bayar
bayar,barai
tidak ikhlas,bedakwe
ketiduran,ketido'an
sudut,pittok
ngintip orang makan,nginding
mencari kepah,ngappah
lemah badan kamu,lammah badan mu
cucur,cuccor
pendiam,manoh
kota,kota'
maut,maut
maut,maot
berarti,bearti
buka,babak
membuka,babak
sisa,sisak
betul,batol
mengupas kelapa,nyuek
kulkas,kolkas
kumal,lussoh
nakal,daggel
cantik,cantek
cantik,ceramut
sekaranglah,itok dih be
mengira,kirre
mengira,ngirre
susunan yang tidak teratur,betaboran
sisiran rapi,kilas belampang
belimbing,gelembeng
gadis perawan,dare
awalnya,awalnye
tidak malu,daan supan
makan besar,konyan
mencarinya,nyareknye
waspada,waspada
saling berbohong,sembulaan
hanya mengikat di ujung setelah di bungkus,kamput
pembersih rambut,langger
lebur,labbor
tampar,tampar
salah satu ikan air tawar,battok
minta,nampah
omong kosong,ngeramput
hidup,iddup
almahrumah,jannat
teropong,keker
bawa,bawak
tinggi semampai,jangkong
kawin,kawen
pengantin,penganten
berladang,kume
menoleh,ngaleh
peruntukkan,bagian
kembang api,marcu
kembang api,bunge api
tempayan kecil,gabok
mati-matian,setangah mati
dahulu,dolok
silau,pannar
usus,usus
usus,beraran parrut
pukul,bantai
sandal jepit,selepar
titip,nitip
sering,karap
sering,karrap
sering,karrapan
gemuk,gammok
pada,pade
sobek,babbas
nyiur,kelapa'
sesak nafas,sassak
sesak nafas,angas
sendok,suddo'
sendok,suddok
burung hantu,buwak
jendela,plenggokan
menanam padi,nandor
nanam padi,nandor
musuh,mussoh
musuh,munsoh
kasur,sedduni
mukanya,mukenye
mukanya,muke'eng
gulat,gummol
mengikuti,ngikutek
meramal,betannong
kadangkala,jarang
bila,bille
usir,burru
pada zaman dahulu,gek mare'k
enak,nyaman
mengenang,ngannang
mengalir,ngaler
makmur,makmor
oplet,oto tambang
ringan,enteng
perahu,perau
bocor,babbas
memuaskan,bele lalu
darimana,darimane
hati-hati,ati-ati
ikat,karut
puyeng,panning
memancing,najor
mata melotot,tibajul
wanita,cewek
wanita,perempuan
begini,gettok
kelapa,inyok
bocor,passok
layang-layang,uwaw
tidak enak badan,daan nyaman badan
kadal,tengkarong
lancar,nglekot
empat hari mendatang,jannun
sarang laba-laba,mutau
menyentil,jantek
mata kaki,bigge' asam
mata kaki,mate kaki
hisap,insap
rapi,calle'
menangkap ikan dengan tangan kosong,gammal
potongan,ballahan
lama,lamak
geraham,graham
jaring,jale
sanjung,sanjong
mengada-ada,meramput
mengada-ada,ngade-ngade
jahil,jahel
jahil,jajjal
kembalian,sunsongan
banyak sobekan,rambau
menahan,raggang
mengedipkan mata,ngijat
congek,bongol
sangat takut,bacul
sangat takut,takut inyan
berhubungan seksual,ngampek
musim mangga,musem asam
zaman dulu,gek dolok
sesak nafas habis berjalan atau berlari jauh,angngas
tanya,tanyak
jalan,jalan
di situ,di sie
bisul,bingsol
bisul,binsol
bukan main,kan age'
bukan main,kan agek
beri,barre'
memuntahkan sesuatu,melue'kan
jepit,kappik
lepas,lappas
insanak saudara,sanak sodare
telungkup,tungkup
masjid,masjid
masjid,langgar
jijik,gattik
bergelombang,begelombang
terus menerus,aja'-aja'
lele,kalle'
habis tidak bersisa,langngis
hari minggu,ahad
kenyang,kanyang
menyemai benih,incamai
galak,garang
ikat,ikkat
kamu kemana,kau kemane
tidak simetris,besingka'
tidak simetris,daan simetris
ganggu,ngacau
kasur,seduni
kupas,kussak
kenangan,kanangan
susu,susu
buah dada,nennen
buah dada,susu
payudara,nennen
payudara,susu
mempersalahkan,masalahkan
pepaya,battek
pepaya,batte'
mondar-mandir mengelilingi sesuatu,kelintau-kelintau
undangan pernikahan,penggelan
kondangan,penggelan
berhenti merokok,beranti merokok
memancarkan,mancarkan
terlungkup,tingkap
tertinggal,ketinggalan
korek api kayu,malirang
kerang,kappah
bingung,bingngong
dedak,daddak
lauk pauk,laok paok
berlubang,belubang
berlubang,passok
sadar,sadar
sadar,maddas
pura-pura tidur,mlandok
pura-pura,purak-purak
pura pura,purak purak
penglihatan yang kurang baik,julau
kalian,kitak
lurus,bujor
genit,birrah
ampas minyak kelapa,taek lalla'
tertidur,tetidok
sembrono,da'an semanggah
sekarang,kinitok
dering,darring
burung elang,bendaol
burung elang,penaol
daftar,daptar
di tinggal,kanak tinggalkan
sembat,hambat
mobil,oto
bodoh,bodo bale
bodoh,bodo
masih kenyang,sabol
masih kenyang,maseh kannyang
sampan kecil,ajjong
perahu,ajjong
wc,kakus
jentik,ngkatek
jentik-jentik,ngkatek
jentik jentik,ngkatek
aneh,endah
peti mati,kerande
telur,tallo'
telur,tallok
bergelimpang,gelempang
terdampar,tedampar
terdampar,belampar
banyak bertanya,alek inyan
orang miskin,fakir
orang miskin,urang sontok
jinak,jinnak
gang,lorong
runcing,lancup
bekut,bakkut
celana,katok
bergurau,pongah
gotong royong,keraje bakti
sungguh-sungguh,simanar
dukun santet,bomo
berlipat,belippat
situ,sinnun
limbah rumah tangga,cempiring
bolal balik,kulukilek
halilintar,panah lentar
terlalu rajin,kerajingan
mencuci pakaian disungai,nappas
cepirit,tekincik
tidak etis,nda' tau adat
tidak etis,daan tau adat
tidak etis,daan sopan
kepingin,carrat
mengeras,najjing
tinggalin,tinggalkan
libur sekolah,parrai
libur sekolah,libur
tangga,tanggak
kue bingke,bingke
kancing baju,kancing
teras,teres
sombong,banga'
kemasukan setan,kesarrongngan
bersisir,bekillas
bergetar,ngelantar
sepeda,kerete
sepeda,gerete
berhentikan,rantikan
fasih,nglekot
panen padi,beranyi
sedikit,sikit
bau bangkai,buntok
bau busuk,buntok
celana dalam,kolor
celana dalam,celane dalam
tabrak,ranca'
tabrak,melanggar
mengiringi,ngiringek
mencoreng,nyoreng
pakaian kotor,kumal
pakaian kotor,bakok
beku,bakok
sleding,sengkak
berdebar,bobar
berdebar,bedabbar
ikan lais,insubbong
benci,banci'
anggur,anggor
saya,saye
mencair,meleleh
kates,batte'
debar,dabbar
setelah,bakde
gila,gile
gila,ayap
jengger,damber
lurus,bujjor
piring,pinggan
piring,piring
mondar mandir,pulang balik
bendera,bendere
bendera,penere
bruntusan,ngeruttu
kekang,kakang
antara,antare
terjatuh dari atas,belabbik
seperti yang aku katakan,iddi jiku
seperti yang aku katakan,macam yang kupadahkan
seperti yang aku katakan,macam yang kuomongkan
banting,ampok
remas,gammer
jerih,jarreh
sudah datang,dah datang
sementara,sementare
uang,duit
kiraan,kire-kire
tak,daan
bibi,mak tua'
tante,mak tua'
sepuluh,sepuloh
jatuh,luroh
jatuh,belabik
menyelam,nyallor
menyelam,nyallam
rumah diatas air,lanting
terisi penuh,bantat
terisi penuh,terisek pannoh
bohong,bulak
penutup,tudong
lembab,lambab
malu,supan
nanti,nante'
pergi,mare
tidak kekal,daan kakkal
genit,birah
lari dengan cepat,lancing
menolong,nullong
bubur pedas,bubor paddas
mata terfokus,conom
mandi disungai,ngabboh
pinter,pintar
mengajar,ngajar
selesai,lakka'
jorok,cerobo'
jorok,cerobok
ompong,rongak
bagaimana,bagaimane
manfaat,manfaat
manfaat,faedah
berantem,kelai
diri,dire'
pincang,jengkat
buntung,kutong
jajan diluar,ngenam
sumur,tilage
sumur,telage
duduk,dudok
asah,ngansah
hama,ama'
menghayal,mereke
tawari,tampahe'
tawari,tampahkan
tawari,tawarkan
tawari,tawarek
ambilkan,ambekkan
bubu,bubbu
kadaluarsa,ubas
kadaluarsa,basi
ngobrol,ngobrol
ngobrol,bekelah
ngobrol,bekesah
daun sayur khas untuk bubur pedas,daun kasum
disebelah,ancong
disebelah,antol
disebelah,didakat
kadang kadang,biasenye
ragu-ragu,ragu
ragu-ragu,gamam
usir,layyah
usir,user
tidak ada,ndak ade
tidak ada,nda' ade
panci,apan
sayur,sayok
terlambat,telambat
menangkap ikan pakai tangan kosong,ngammal
laki,cowok
bongkok,bungkok
cemberut,masam
menggoyang keras,ngincah
sarapan pagi,nyaddal
sarapan pagi,sarapan pagi
sarapan pagi,makan pagi
banyak,banyak
banyak,tebayak
tidak mau,besumpik
mengkilat,mlanning
mengkilat,melanning
megap-megap,napas baong
berlebihan,sallap
berlebihan,belabehan
wewangian,minyak bau
bagian ujung/luar rumah biasa digunakan untuk mencuci piring,pelantaran
membekas,cangkit
melamun,temanong
sayuran pakis,midding
nggak,daan
nggak,indak
celana dalam,katok sampak
hancur,ancai
hancur,ambor
dahulu kala,ge' dolo'
dahulu kala,jaman dolok
sumbat,kapat
amoi,ammoi
sumpah,nyan
biarlah,alekandah
menghirup,ngirrup
lelah,takkar
marah campur malu,kasang
kakus,jamban
menggoda,ngurat
mendekati,nguratek
begadang,ngambun
cair,encer
senda gurau,bepongah
setelah,laka'
merah menyala,barrau
letih,kappak
ketawa,betawak
berjudul,bejudul
umpama,ibarat
terbenam,tibannam
banyak hamanya,ama'an
waktu itu,waktuye
hirup,irrup
kepanasan,berau
kuali,kawah
terbesar,paling bassar
tikar pandan,belungkor
serakah,kamo'
ekor,ekok
lumpur,lumpor
gema,gaong
simpan,taroh
simpan,latakkan
cengkeh,cangkeh
milik,nok
kasian,saggal
kasian,sogol
membajak,bajak
melongo,melamum
melongo,inconom
jejaka,bujang
tentu,tantu
menyentuh,jappek
jamah,jappek
hayal,ayal
sumpah saya cinta sama anda,busong dih aku cinte dengan kau
main kasar,maing kasar
murah,murrah
terbentur,terantok
hemat,emat
endap,ngandap
nyesek,nyasak
Habis-habisan,berabis
cempedak,temaddak
sakit pinggang,merasok
seperti itu,geye
seperti itu,ha geye
ladang,ume
gendang,gandang
membalas,balas
menggigil kedinginan,ngelaggasan
mengapa,jope
mengapa,ngape
baring,guring
kesana kemari,kullu killek
memasak nasi,berapi
basah kuyup,basak baoh
capung,incibbi'
tempat menjemur,langkaw
cerita,cerite
celana,selawar
celana,seluar
suara lantang,bedancang
mata ku perih,mate ku padeh
tahu diri,ngaddar
tahu diri,tau direk
mengapa begitu,tang geye
mengapa begitu,ngape tang geye
sendal,alas
sendal,capal
perut bawah,bane'an
keluar sedikit-sedikit,mincat
hati,ati
sakit keras,nguatte'
turun ke bawah karena tidak lagi kencang,lamber
anak hasil kawin campur,tongpan
hingar-bingar,ribut
haram,haram
berburu pakai ketapel,nappel
belimbing wuluh,gerinnang
ma,ma'
kata,kate
renyah,rangup
homo,rodong
gay,rodong
anu,ano'
apabila,apebile
jamah,cappe'
sentuh,cappe'
bergoyang,bejoget
pada zaman dahulu,gek marek
nyaman,nyaman
toreh,nangkal
emosian,pemanas
lembut,lambut
mengejar,ngalau
gayung,gayong
gayung,centong
keram,kebiawakkan
penis,butoh
penis,paler
berdiri lurus,ticaggat
begitu,geye
jemput,singgahek
mendesing,bedassing
sangat ramai,berasak
rugi,takkor
tidak bisa diam seperti orang kesetanan,ngelappar
liur,lior
alas,alas
minta tempo,betanggoh
menuntut,nuntut
berhitung,bereken
berhitung,beritong
anak haram,anak ampang
anak haram,anak kampang
anak haram,anak hampang
cukup,cukup
kelelepan,tilallap
kelelepan,tikallap
gondok,bangngo'
gondok,bangok
tingkah,kerenah
tegak,laggat
hari,ari
pengadu,penummang
menahan amarah,ngerigitan
bau busuk,bunto'
busuk,bunto'
busuk,buntok
sok tahu,penau
tong,bak
penyok,kapek
busuk,labbas
perawan tua,labbak
perawan tua,perawan tue
dahi menonjol,jandol
sejuk,sajjok
ayam jantan,jogok
curi,curri
andaikan,mun
banget,inyan
pot bunga,jambangan
jaga,jage
dari tadi,dari tade'
dari tadi,dari tadek
tanyain,tanyakkan
mengajak,njakke'
mengajak,ngajakek
nebus,nabbus
waria,bencong
berpasir,maser
susunan,lapisan
sembunyi,tappor
tenggelam,karam
pejamkan,pajamkan
gerombolan anak kecil,kak-kericik
benar benar,inyan inyan
sentuh,japai
jubah,jobah
ikut,ngimbai
saya tidak,aku indak
saya tidak,aku daan
lampu senter,cuar
tidak bisa diam,ngelatap
tidak bisa diam,daan bise diam
sakti,sakti
robek,rattas
sobek,rattas
tidak tega,sagal
menggali,ngalek
lengkung,langkong
senyap,sannyap
besok jangan sampai tidak datang bisa marah kakek nya,isok usah sampai daan datang bise-bise marah aki nye
tidur nyenyak,berindu
tidur nyenyak,tidok nyannyak
terjatuh,serampah
selesai,lakak
menjerit-jerit,kejarrik-kejarrik
belut,ballut
tidak tahu,an tau
tidak tahu,daan tau
talas,keladi
suap,sogok
ajari,ajarek
mama,umak
inang,innang
batuk,batok
berkelahi,becakkak
menjala,nyale
kayuh,kayoh
nada,nade
tegap,hega'
pikul,pikol
jasa,jase
tahu,tau
tahu,tahu
saku,kocekkan
bertanya,bentanyak
larut malam,dallu
Habis-habisan,abis-abisan
bambu,abe'
bambu,aor
tidak terasa,daan keladdaan
tabrakan,belanggar
sifat gile,bodo bale
misalkan,misalnye
kaca,cerammin
cermin,cerammin
mata melotot,ticinnat
menjeput,japput
nyiru,nyirro'
mengigau,meransau
ngomongin,ngomongkan
penampan,baki
manja,bongka'
manja,bongkak
sup,sop
melakukan,ngerajekan
tempat tidur dari bambu,balai-balai
buah enau,bilullok
buah enau,belullok
gusi,gussi'
gusi,gussik
almahrum,jannat
almahrum,arwah
almahrumah,arwah
bau apek,bangngam
gantung,assai
gerak,garrak
kejut,kajjut
asap,asap
menawarkan,nawarek
mengelap,ncallap
mengelap,incallap
ikat kencang,kimput
ikat kencang,kamput
ikat kuat,kimput
ikat kuat,kamput
jari,jari
bekam,bakkam
sebentar,bantar i
sebentar,bantar
tiarap,ningkap
tidak bisa,daan bise
tidak bisa,an bise
tidak bisa,ndak bise
tidak bisa,nda' bise
tonggos,jonga'
tonggos,jongak
memotong,ngarat
belok kiri,melok kere'
terjun,terajjun
terjatuh,tesungkor
agak,rase nak
terbaring,gole'
kesana,kesinun
lomba,lumba'
1 buah,1 butte'
1 buah,1 buttek
taruhan,betaroh
muntah,mutah
coretan,conteng
meninggal dunia,mampus
belagak,kerewak
katakan,padahkan
mengusir,murru
tidak nyaman,daan nyaman
tidak enak,daan nyaman
benih,baneh
banyak sekali,betatam
banyak sekali,banyak inyan
banyak sekali,banyak lalu
mencarinya,nyarek'eng
marah,ngerepek
gagal,gagal
gagal,kaba'
beda,laing
beda,bede
terhampar,belampar
nyerah,nyarrah
dalih,daleh
terlalu masak,muddoh
gagah,hega'
hasta,haste
melempar,lancang
mengibaskan kaki,kater-kater
sepi,sappi
begini,gitto'
memeras,marrah
hiu,iyo'
hiu,iyok
gula,gulle
gula,gule
kunang-kunang,kalimpapat
jauh sama,jaoh dengan
sesudah,ba'de
ginsul,tukkak
berdiam diri,mattak
beruk,barrok
mata bengkak,bangkup
mencari pasangan,ngurat
jentik,jantek
lima,lima'
lima,limak
angpau,ampau
kunang-kunang,impapat
ceremai,cerammai
kebun,kabon
promosikan,tampahkan
promosikan,tampahek
menggeleng,nggelek
"kami, lita","kamek, lita"
sagu,sagok
memek,pepek
mengalah,ngalah
awan,rammang
hisap,isap
dong,lah
berminyak,beminyak
tolong,tulong
andaikata,andaikate
kaku,kakok
sadar,mladde
tidak terasa,da'an kelada'an
mandul,mandol
melotot,tecinat
bodoh,bahlol
mengukur isi,nakar
mengapa begitu,tang gaye
jemput,jamput
keruh,kabut
keruh,karroh
keras kepala,karras baddal
keras kepala,karras kepalak
cemara,cemare
ngomel,ngeracau
bungsu,ussu
layu,layok
begaruk,bekisai
muncul,muncol
paham,paham
paham,ma'lom
gurau,pongah
gudang,godang
seram,sarram
keterlaluan,gilla'
keterlaluan,kelaluan
menyimpan,naroh
ketupat,ketupat
berjejal,jajjal
orang,urrang
kamu itu,kau ye
silahkan,silekan
bubur pedas,bubbor paddas
seharusnya,seharusnye
tidak tersisa,lingkis
miring,berot
jalan-jalan,bejalan
jalan-jalan,bejolon
kebenaran,kebanarran
kepengen,maccor
kangennya,salok'ong
kangennya,saloknye
terlampau matang,labbas
bersimpuhan,betampor
menyulam,nyullam
lama,lama'
gundul,botak
aduk,kacau
aduk,adok
harap,arap
elang,penaol
nafsu birahi,birrah
lusa,lusa'
lusa,lusak
jawa,jawe
lilin,lilling
"tak kusangka ,kamu punya hati busuk","daan nyangka, atimu jahat inyan"
menyongol,teconet
sangat aktif,gagit
waras,maddas
teratur,calle'
panas,lissoh
zapin,jappen
apa kabar,ape kabar
basuh,basok
permainan anak-anak,lem lem ta'
teriak-teriak,ka' keraok
melotot,tecinnat
menonjol,tejabbul
ngeluh,ngalloh
suntik,sontet
kembali,balik
berjalan,begayau
meriam karbit,lagum
pijit,picik
perahu besar,tongkang
biji,biggek
tidak ada,dise'
singlet,panas kotang
ketemu,bejumpe
kok gitu,tang geye
traktir,njamin
traktir,nyamin
inti pohon,mpullor
tidak ada,disek
mau,mao'
kepala,kepala'
kepala,kepalak
terbelalak,ncorong
laki laki,urang laki
membentangkan,bajjang
kelabang,lippan
angkasa,angkase
membangkitkan keinginan,ncaratte'
membangkitkan keinginan,nyaratte'
gosip-gosipan,beragi
begosip,beragi
sandal,kasut
tidak,an
tidak,daan
tidak,ndak
bungkusan,kerubbong
sedih,sadeh
jijik,gatti'
kayu keras,kayu karras
tidak berdaya,telempe
tidak berdaya,daan bedaye
gak,daan
gak,ndak
gak,indak
mengintip,intip
minta,minta'
minta,mintak
kue semprong,samprong
perut,parrut
menggiling,gilling
cawan,cangker
berturut-turut,beruntun
noreh,nurreh
jatuh ke air,ngelabur
jatuh ke air,belabik ke aek
kopiah,songkok
betul,innyan
kontol,paler
tiru,nirru
kaleng besar,ballek
kemaren,simari
kamu,dirre'
sibuk,sibuk
bermimpi,mimpi
mengerti,ngerati
terjatuh,tesusok
kupu-kupu,rami
senang,suke
tolong ngerti perasaan ini sedikit saja,tulong ngerati perasaan itok sikit ajak
petir,lentar
naga sari,nage sari
naga sari,ukal pisang
gerogi,gamam
tepi,tapi
tidak peduli,daan peduli
ubin,tehhel
bini,binni
istri,binni
istri,bini
rumput tajam,banta'
burung,burong
burung hanti,burong antu
burung hanti,burong buwak
acara,acare
terlalu,kelaluan
pompa,kumpe
kerang,karang
memegang,maggang
lowong,luang
ngegap,ngaggap
didekat,antau
disebelah,antau
terhempas,tirantak
tidur,tiddok
pula,agek e
karung,karong
tanggung,tanggong
ingin lagi,kannyat
ngak ada,sean
tidor,tidok
kakak awet muda,kakak awet mudak
tidak tahu diri,daan ngaddar
tidak tahu diri,daan tau direk
kotoran gigi,taek ugik
bertutur,bekesah
siku,sikok
mojok,mejeng
berduaan,mejeng
hati hati,ati ati
negeri,nagri
paling,indo' raje
mendongkak,langgak
deh,be
jatuh,belabbik
mematahkan,matahkan
santai,santai
santai,leha
betul,battol
tunggu,dolok
apa,ape
terjepit,tisirapik
terjepit,kanak kapik
cinta,cinte
berdiri bulu roma,ngeranjang
rusuh,kacau
fasih,ngelekot
fasih,lihai
bagaikan,macam nak
terima kasih,makkaseh
terima kasih,mak kaseh
begitu,gayye
kusut,ranyok
keluarga,insannak
keluarga,sanak keluarge
keluarga,keluarge
dokter,doktor
adat,atoran
tidak tahu diri,daan ngadar
tidak tahu diri,daan sadar
tepung,tapong
daun,daon
hantam,antam
seandainya,mun
seandainya,seandainye
kuat,jago
buntung,kuttong
gula pasir,gule paser
membenci,bancik
pujian,kanak puji
hapus,apus
kami,kamek
izin,ijin
musim,musem
musim,munsem
menanam padi,nandur
dapur,siyok
dapur,suyok
curam,curram
emang,memangdah
pantat,burrik
diteriaki,keraokkek
sudahlah,udahwe
sudahlah,dah we
keras,karras
keras,karrau
celana,celane
menggonggong,nyalak
biar,biar
biar,supaye
bau keringat kering,bau ari
termasuk,temasok
biarkan,adukan
leher,tigek
layangan,waw
layangan,uwaw
jenis,janis
kalut,gadoh
mungkin,kalu
mungkin,kali
begini,gittok
asin,masing
masin,masing
jernih,banning
menyembah,nyambah
mendadak,mugekan
coba,cobe
terakhir,terakher
terakhir,kemuncik
terakhir,uncik
alami,alamek
melotot,incinat
tahan lama,tahan lamak
panci,kenceng
mama sudah mandi,umak udah mandek
benarran,inyan we
bibir,biber
meminta izin,mintak ijin
meminta izin,bepadah
sampai di,ntang
mati,mampus
untaian,jurrai
menceburkan,belampum
kasur,siduni
menepuk-nepuk,ippok
memaki,ncarut
benjol,bincut
lentur,ganyut
tempurung kelapa,kelongkong
luruskan,lajjangkan
terang,tarrang
gundukan,danggol
buah duku,rukkok
bra,kotang
bra,beha
punggung,belakang
aku,saye
menggeser,geser
juara,juare
mengangkang,ngengkang
balut,kabbat
penyok,kape'
pelir,paler
lengah,lalai
ikat pinggang,taliban
menyangkal,nangkar
guruh,gurroh
buka,bukak
full,pannoh
biasa,biase
sini,sinun
bepergian,bejanjang
manggil,manggel
menyuap,nyompol
datangi,pagge'
begini,getto'
cincau,kincau
perahu besar,bangkong
pagi,pagiari
ambil gambar,patrek
ambil gambar,ambek gambar
ambil gambar,ambek foto
sekitar,disekitar
kemasukkan sampah halus dimata,kalimpanan
maka,make
sesajen,semah
sesajen,semahan
ayak,saring
lemah,lamah
bau apek,bangam
ngeyel,mingngal
disebabkan,barrang
disebabkan,barrang jak
disebabkan,barrang we
menggoda,kate'
menggoda,katek
menggoda,sakat
menggoda,ngacau
tapi,tappi
penyakit ulu hati,duggal
jelek sekali,jahat inyan
sangat tidak bagus,jahat inyan
berapa,berape
ngunyah,ngampak
menangis,nangis
punyaku,no'ku
punyaku,nokku
punyamu,no'mu
punyamu,nokmu
banyak tanyak,ale'
banyak tanyak,alek
menggidik,ngeranjang
berburu,beburu
mencubit,ngutis
jengkal,killan
tujuh,tujoh
tidak,on
tidak,doon
kobokan,kubbokkan
ada,ade
sorak sorai,keraok kepaddau
posisi kepala kurang tegak,lele'
posisi kepala kurang tegak,lelek
linglung,ayap
obat dari rempah,tambe
gagu,awa'
gagu,awak
bagaikan,laksane
bagaikan,umpame
tidak tersisa,langngis
telinga,telinge
kembung,kambong
terpeleset,tikeliddas
kelas,kalas
menggaruk,garo'
menggaruk,garok
terbawa arus,anyut
naik,naik
tempat mencuci piring,pelantaran
bening,anning
duduk dilantai,nyela'
duduk dilantai,nyelak
duduk dilantai,beselak
hukum,ukum
menangkap ikan pakai tangan kosong,gammal
gurih,sappor
kusam,kussam
kampungan,sapok
norak,sapok
memaksakan diri,nguattek
buta,bular
ikan asin,ikan masing
hilang,ilang
biaya,biaye
mendarat,belaboh
hemat,kimat
hemat,cimat
jalan kecil,jalan tikus
lambat,ullut
norak,sappo'
udik,sappo'
labuh,laboh
menggali,gale'
menggali,galek
pokok sawit,batang sawet
berlabuh,belaboh
nasi,nase'
kepunyaanya,ano'ong
kepunyaanya,ano'nye
kepunyaanya,anok'ong
kepunyaanya,anoknye
tempo dulu,ge' dolo'
tempo dulu,gek dolok
pulang,balik
keseleo,selaok
berfikir,bepiker
terlentang,telantang
genggam,nganggam
pukul,puppok
berat,barrat
timbul,ngapong
timbul,timbol
pemalas,pemalas
pemalas,malas jarreh
masa sulit,zaman kopon
bara,bara'
bara,barak
ketapel,tappel
mengikat,ikkat
tidak sanggup,kuawe
tidak sanggup,daan sanggup
kataku,jiku
oleng,oyong
lentur,lantor
kotor,kotor
ekor,eko'
Sian,Tidak ada
nasihat,fatwa
nasihat,nasehat
menggali parit,marik
menggali parit,galek parik
anok,itu
memenuhi undangan,pengelan
memenuhi undangan,manohek undangan
kami,kame'
makan,majoh
makan,meradak
lelaki,laki
lelaki,urang laki
tidak mau,daan maok
tidak mau,dak maok
tidak mau,an maok
keliru,salah
bergajul,begajul
meminum air,naggok
meminum air,minum aek
nongol,muncol
gantian,sengantek
tersumbat,bantat
tersumbat,tesumbat
deru,darru
wajan,kuali
mata melotot,tecinnat
berdampingan,beseballahan
berdampingan,bedampingan
kutuk,laknat
menggerai,ngarrai
yakin,yaken
cemberut,ngelebek
cemberut,melebek
tertancap,nyoncong
tertancap,titancap
tertancap,tetancap
ikal,ikkal
seluruh,sumenye
seluruh,semuenye
kok,tang
bah,be
insang ikan,insang
kurungan,kurongan
kurungan,raban
berputar,maddam
berputar,beputar
berputar,bepusing
pantau,tilik
saja,jak
memang,memangdah
sulit diberi tahu,mingal
bola,bal
bola,bola
dia lagi bermain bola,die agek maing bola
gorden,orden
mendadak,muge
ikhwan,biak laki
letih,kappa'
ayam jago,jogo'
ayam jago,jogok
ayam jantan,jogo'
ngapain,ngape
lucunya,ngarameknye
lucunya,lucunye
luka,lukka'
luka,lukkak
ebi,sassar
sebutan,base
sebutan,sabutan
bahasa,bahase
goncang,guyyo'
goncang,guyyok
pelupa,luppa' lape'
pelupa,luppak lapek
pelupa,luppak lape'
pelupa,luppa' lapek'
pelupa,pelupak
pelupa,pelupa'
berhubungan seksual,ngancik
berhubungan badan,ngancik
ngeseks,ngancik
aneh-aneh,made anda'
aneh-aneh,made andak
ikan gabus,ruan
ikan gabus,ikan ruan
gabus,ruan
gabus,ikan ruan
tai,taek
tai,tae'
oleh,leh
tetapi,cumme
tetapi,tapi we
celana pendek,kullot
mangap,tengangak
omong kosong,meramput
lega,tannang
menghina,ngine
mengomel,merepek
ngorok,nyangngor
ngorok,besangor
terkelupas,telungkah
terkelupas,tikeluppas
laci,surongan
terperosok di lumpur,teporok
abadi,kakkal
ketika,pas
ketika,ketike
menjadi,nyadi
menjadi,njadi
dapur,dapor
tunggul,danggol
tunggul,tunggol
awal,pungka'
laron,cakkaler
lah ya,lah i
sangrai,aro'
sangrai,arok
kaki telanjang,lappa' ayam
kaki telanjang,lappak ayam
seperti,macam
seperti,camnak
jelata,jelate
takut,takut
takut,con
wabah,awar
punya,nok
punya,punye
tidak pergi,nogok
tidak pergi,daan paggi
berbelok,bekelok
berbelok,bebelok
pakis,midding
itu,inun
itu,yewe
untung,untong
jarak,jarak
jera,jarrak
jera,jara'
kemaluan wanita,tundun
memek,tundun
geli,gallik
memetik dengan galah,jullok
sirsak,nangka' belande
sirsak,nangkak belande
sirsak,nangka belande
banyak,ngeranyik
banyak,munggor
saat,pas
"tak kusangka ,kamu punya hati busuk","daan nyangka, atimu sejahat iye"
timun,timun
basah,jappo'
basah,jappok
bohong,mulak
bohong,mulok
bohong,mula'
bohong,mulo'
sangat bau,bau inyan
bergabung,kongsi
bergabung,begabong
ngompol,tebubo'
ngompol,bubo'
ngompol,tibubo'
ngompol,tebubok
ngompol,bubok
ngompol,tibubok
gulat,gallut
tertidur seketika,bedassap
habis,langis
menggilas,gillas
hasil penukaran,gantian
tukaran,gantian
tukaran,sengantek
kalian,kitta'
kalian,kittak
sebentar,tunggu bantar
rusak,ancor
rusak,ancai
rusak,ancay
supaye,gare
test,tarai
belulang,belullang
kulit sapi,belullang
berlenggang,lenggang
omong bohong,ngeramput
keras,karro'
keras,karrok
ruang tamu,serambek
periksa,perikse
suara meninggi,ngelanting
suara meninggi,melangking
tidak berdaya,tekapar
buyung kelapa,kalok
ikat,kamput
iblis,iblis
iblis,ballis
gempar,gampe
gempar,gampar
buah bagus,klotok
berharap,bearap
tidak ambil pusing,daan ambek pusing
cantik,kaca'
seharusnya,kanda'ang
harusnya,harusnye
harusnya,arusnye
muncul,ncongol
muncul,nyongol
membawa,bawak
kaya,kaye
babak  belur,bengor
keluarga saya,keluarge ku
keluarga saya,keluargeku
rumah kosong,temawang
rumah kosong,tembawang
utuh,bungas
terpeleset,ngelidas
gema,aoh
sama sekali tidak memadai,made nda'
sama sekali tidak memadai,made andak
sama sekali tidak memadai,made anda'
pernah,suah
bermuka dua,mukke dua'
bermuka dua,mukke duak
buruh tani,buroh tani
tidak mau,monglaing
tidak mau,indak lalu
muda,mudda'
muda,muddak
muda,mudak
menawar,nawar
hilir,illek
suka lupa,leler
suka lupa,suke lupak
berlobang,bocor
berlobang,belubang
termenung,teconom
termenung,temannong
bengis,bangngis
lakukan,kerajekan
bersila,duddok sela'
bersila,beselak
semasa kecil,gek kaccik
waktu kecil,gek kaccik
kasihan,saggal
sopan sekali,sopan lalu
soalnya,soalnye
ngesot,ensot
kue,tambol
dahulu kala,gek dolo
pantau,tirau
nama,name
berkedip,kirap
lari kecil,nojon
tidak tahu menahu,daan tau menau
putar,pussing
balik pintu,belakang lawang
tidak tersisa,langis
tidak tersisa,daan besisa
selesai,taem
berikan,barre'kkan
berikan,barrekkan
berbohong,bulak
mandilah,mandek lah
mandilah,mandeklah
selembar,selamper
tanggung,kalah-kalah
tanggung,nanggong
tuli,bangal
bukan begitu,bukan gaiye
bukan begitu,bukan giye
bukan begitu,bukan gaye
saja,aja'
saja,ajak
tidak,da'an
benang emas,bannang ammas
gelitik,kelitik
dataran rendah,arong
tidak sama sekali,nkaper
tidak sama sekali,nkoder
tidak sama sekali,monglaing
kera,karra'k
kera,karrak
kepingin juga ya kalian,carat juak ke kitak
panas,berawu
atur,ator
cubit,kubik
kain,kaing
pesek,picak
mempermainkan,maingkan
melompat,melantong
kesabaran aku,kesabaran ku
sambung,sambong
melotot,ticalek
jangka waktu,jangka' waktu
jangka waktu,jangkak waktu
tidak adil,daan adel
tidak adil,an adel
jalan jalan,pelaser
buat,buat
buat,untokkan
buat,tokkan
membuka lebar,misak
terdiam,tehalle
terdiam,tediam
sangat kenyang,buntas
sangat kenyang,kanyang inyan
okra,kacang mia
ungu,keribang
tali,tali
biarin,biarkan
gedung,gaddong
terlena,lene
mengikat,ngikat
nyemplung,tecalum
kentut,kantut
unta,unte
gangguan,gangguan
pekak,panne
pelir,butoh
kontol,butoh
mundur,mundor
penutup,tuddong
bantal,bantal
kunyah,ampa'
kunyah,ampak
ini ya,itok i
ini ya,itok ke
berani,berani
berani,perani
kondangan,saro'an
kondangan,sarokan
kondangan,sarok'an
kondangan,pengelan
kondangan,pangelan
kamu belum tidur,kau balom tidok ke
lusa,lussa'
lusa,lussak
menempa,agek mantan
menyakitkan hati,nyakitte' ati
menyakitkan hati,nyakittek ati
kecut,kaccut
kecut,macam
lesung,lassong
koreng besar,bageng
kkecup,kacup
kepingin juga ternyata,carat ke gasaang
kepingin juga ternyata,carat ke gasaknye
kepingin juga ternyata,carat ke saknye
tak terasa,da'an kelada'an
tak terasa,daan terase
goni,gunni
neraka,nerake
kencan,beduakan
kencan,beduak'an
kencan,bedua'an
nyata,nyate
keranjingan,ketagehan
ngeri,ngarek
anak-anak,biak
hafal,apal
lain kali,dudi ari
lain kali,dudi dudi
gini,giye be
gini,gitok
tak jadi,daan jadi
tak jadi,an jadi
terus-menerus,tentolen
sinilah,sitoklah
sinilah,sitok lah
pertama,pertame
tante,ma' tuak
bibi,ma' tuak
begini,gito'
begini,gitok
terperosok,teporok
satu,satu
satu,siggek
satu,sutek
satu,sutuek
satu,sigge'
satu,sute'
satu,sutue'
cina,cinne
bambu,abek
bambu,awor
pipi gemuk,kemol
memalukan,nyupanek
calo,catut
lakban,solasi
liburan,pelasser
liburan,liboean
sebelah,sibalah
berkerumun,kerummun
berkerumun,ngerummun
lemas,lammas
empedal,baddal
empela,baddal
saudara,dek beradek
saudara,sodare
saudara,saudare
apung,apong
berbunga,bebunge
menanduk,nandok
pusar,pussat
pikir,piker
pukul,belabau
bangun,lumpat
buah nangka yang masih kecil,temabal
kepanasan,lusoh
mata seperti keluar,tibajjul
tamak,kamok
cemberut,tebajjuk
jelek,jahat
menurut,nurrut
menarik,nyujjut
kembalian,sunsong
pergi entah kemana,paggi intah kemane
waktu mundur,molor
bimbang,ribbe
menyesal,ribbe
menyesal,nyassal
jalan besar,jalan basar
jalan besar,jalan raye
jalan raya,jalan raye
aja,ajak
aja,jak
menyamar,nyamar
lipat,lippat
bola,bahbal
tidak akan,indak lalu
akui,akoek
aja,aja'
nangis sedih,nangis ngakkal
cakap,lihai
ketombean,keriahan
ikat karung,kamput
hantu,jerada'
cambuk,cambok
asuh,asoh
temu,jumpe
jumpa,jumpe
mencabut,cabut
mencabut,incabut
duduk di lantai,dudok belampar
tampan,ceramut
imut,ceramut
berteburan,betebuangan
berteburan,betaboran
tidak jelas,kaddau
sholat,sholat
sholat,semahyang
sholat,sembahyang
akar,akar
puji,anjong
gerhana,grahne
gerhana,gerahne
gerhana,gerhane
ungu,kribbang
istri,mak biak
mengintip,ngintip
pengolok,peringak
tertegun,tecadding
perempuan,perumpan
ubin porselen,tehhel
becek,lecet
tamparan keras,belampang
ulur,jolor
tidak,nda'
pancingan,kael
pemindahan hak,hibbah
pemindahan hak,hibah
membiarkan,ngallekan
membiarkan,miarkan
cerita,kesah
mata,mate
bentar,bantar
memancing,ngael
sempoyongan,layau
butuh,parlu
banyak,melonggok
lap lantai,peraccak
meninggalkan,ninggalkan
gelembung,kelambong
eceran,currai
kuat makan,bogoh
botak,langkas
topi,somo
kram,kebiawakkan
mengamuk,ngamok
ngamuk,ngamok
beberapa,beberape
basah,laccah
singkap,babak
dijahit sementara,cantum
banyak orang,berasak
banyak orang,brasak
kapur,kapor
iba,sagal
iba,sogol
memindahkan,alehkan
memindahkan,mindahkan
tak tentu arah,pitau
letup,lattup
cintanya,cintenye
menggaul,nggaol
ramah,jerampah
nyilu,ngillo'
ngilu,ngillo'
luwak,bogoh
menang,mannang
bengkak,bangkak
menggertak,ngaggap
memble,incabbi'
memble,incabbik
ngomel,ngerepek
muka,muke
terlalu masak,kemasakan
melarat,melarrat
daritadi,daritadek
tadi,tadek
tidak jadi,asa'
tidak jadi,daan jadi
tidak jadi,an jadi
tidak jadi,dak jadi
tidak jadi,da' jadi
biasanya,biasenye
besok pagi,isok pagi
bosan,baus
bila tu,bille ye
selesai,lakkak
menggesek,nggesek
lembab,jappo'
lembab,jappok
singkong,bandong
kesal,esap
kesal,hesap
miskin,sontok
mengeras,ngarras
kulit sapi,kulik sapi
kasih,barek
kasih sayang,kaseh sayang
hitung,reken
hitung,itong
hitung,itung
cabe,cabe'
cabe,cabek
tidur ya,tidok ke
menggunakan,pakai
menggunakan,makai
bulu,bullu
chanel tv,siaran tv
gendong,ippak
gendong,ambing
kenapa,ngape
kenapa,jape
kenapa,jope
lagi apa,agek ape
lagi apa,gek ape
lagi apa,gek ngape
lagi apa,agek ngape
lambung,lambong
cemas,cammas
julur,jolor
manja,amba'an
yang itu,iye be
yang itu,yang iye
yang itu,nang iye
paman,pak tuak
beku,bakko'
beku,bakkok
tegak,caggat
nyilu,nyilok
jendela,pelenggokan
jendela,jendele
bersimpuh,besimpoh
semasa,gek
nekat,nekat
hujam,tujjah
setia,setie
menoleh,kalleh
daun ubi,cok bandong
mengganggu,ngacau
lengan,langan
sendiri,sorang
sendiri,senyorang
biawak,biawak
guna-guna,gunne-gunne
menganyam,mengepang
mengayam,kepang
tinggal,tinggal
alu,alo'
bukan begitu,ndak ke
bukan begitu,bukan geye
menelusuri silsilah,bejelujjor
sambal,sambal
mengeram,ngarram
tidah tahu,daan tau
masuk dengan mulus,bedallok
jenguk,jangok
permen,guyuman
permen,gule-gule
melejit,laccut
berantem,betangkar
berantem,beramok
ibu,umak
mentah,manta'
mentah,mantak
lebai,labbai
lebai,labbay
tidak ada sama sekali,disse' lalu
tidak ada sama sekali,sian lalu
tidak ada sama sekali,engkoset
akan,mao'
akan,na'
busuk,lassot
bergantian,belalle'
memegang,migang
mengoyakkan,ngoyakkan
muka,mukke
rintik,rintik
damai,akor
berlari,becacak
nyenyak,nyannya'
ukuran terlalu besar,gelebor
ukuran terlalu besar,ngelebor
perjaka,bujang
longgar,lamber
pelacur,moler
malu,kassang
pajak,cukkai
download,donlod
petir,panah lentar
sekarang,itok
mengeluarkan isi,ngeluarkan isek
luka atau koreng yang makin membesar,meluak
bahasa Indonesia,bahase indonesia
dada,dade
tikar terbuat dari rotan,bidai
rata,leper
tanya jawab,tanyak jawab
celana kolor,kato' kolor
celana kolor,katok kolor
hembat,ambat
coba,tarai
coba,nyobe
sifat,perangai
masukkan keair,callup
ani-ani,katam
gimana,gimane
jangkau,nyangkau
getuk,kattok
mengisi,ngisse'
lembek,lammau
bersuami,belaki
mengunjungi,mantau
mengunjungi,ngunjungek
tersandar,tesende'
tersandar,tesandar
teriak,ngeraok
lewat batas,lampis
lewat batas,lampus
perang,parrang
keluarga benar-benar seketurunan,antak-antak
getah,gatah
kumis,somet
hampir tenggelam,amper tengalam
melakukan sesuatu yang tidak sesuai kemampuan,birawe
banyak gaya,berawe
sok bisa,berawe
ompong,ronga'
rezeki,tuah
pesanan,pasannan
monyong,tebirrong
untung banyak,congkoi
kokoh,taggap
robek,koyak
besar kemauan,berawe
Asal-usul,asal usol
alang kepalang,alang-alang
menggaet,ngaik
terciduk,teciduk
banci,bencong
celana dalam,kato' sampak
tidak lurus,berot
tidak lurus,miring
tidak lurus,singgit
pantang menolak tawaran,kemponan
kecebong,murrek
kecebong,murek
ramai,ramai
ramai,bejibun
hindar,ngelak
tidak usah,sodah
tidak usah,daan jareh
bugil,bogel
benda,bande
bodoh,babbang
1 ribu,seribu
melalui,melaluek
melalui,melewatek
rasa asam,masam
sekarang kamu,itok kau
sangat lelah,bungol
sangat lelah,kapak inyan
bolong,passok
bersenggolan kuat,berampok
tikar,belungkur
tikar,belungkor
paksakan diri,kuatte'
paksakan diri,kuattek
paksakan diri,nguatte'
paksakan diri,nguattek
keriput,keriput
keriput,peot
keriput,ngerenyot
bedong,baddong
dahan,cabang
hantu kambing,antu kambe'
jijik,gatik
memberi sesajen,ancak
memberi sesajen,nyemah
hilang,lanyap
busuk,burrok
sadar,melade
capung,ncibbi'
capung,ncibbik
capung,incibbik
menenteng,ncibbi'
menenteng,incibbi'
menenteng,ncibbik
menenteng,incibbik
serta,serte
lobang,lubang
lobang,lubbang
kancil,kancel
meras,maras
kokoh,kukkoh
zaman dahulu,gekmarek
mancing,ngael
berkumpul,ngerumun
berkumpul,bekumpol
sangat panas,panas inyan
bulan lalu,bulan lalu
terlanjur,telanjor
terlanjur,pale-palenye
cari,carek
tersandung kaki sendiri,tekahel
bukan main,nammekan
bukan main,bukan maing
mahkota,mahkote
ringkasan,ihtiar
sombong,kerewak
berlobang,cabbok
kemasakan,muddoh
jarrik,kejarrik
diikat kencang,kamput
tergeletak,teledak
jentik-jentik,ngkattek
main-main,maing-maing
semacam,bangse
semacam,macam nak
untaian,jumbai
canting,kaleng
hilang,illang
memakan makanan kotor yang tergeletak dilantai,ngguti'
azimat,jimmat
menghisap permen,guyyum
kebun,kabbon
campur,camput
raut muka kecewa,melebek
bodoh,bodol
kampong,kampung
teriak,keraok
beli,balli
beli,mali
beli,malli
beli,mballi
beli,mbali
ukur,takar
ukur,ukor
berdiri,bediri
brewok,rongos
gingsul,tukak
jendela,pennyawan
mondar mandir,kenining
gores,coreng
tergores,tecoreng
sempat,sampat
hama tanaman,mpangau
hama tanaman,impangau
hama,bangas
tidak bisa diam,lisse
buah,buah
elastis,nyunyut
potong halus-halus,cancang
potong halus-halus,nyancang
bilas,billas
bergantian,balallek
kelilipan,kelimpanan
genggam,ganggam
menggenggam,nganggam
lembar,lambar
kelihatan,nampak
kelihatan,keliatan
kerak,karrak
tengah hari,luhhor
tengah hari,tangah ari
hello,halo
laksa,lakse
menukar,nukarre'
menukar,nukarrek
menukar,nukarkan
kayu penyangga atap,jannang
menghentak,ngantak
sinting,paning
cepat,melasut
cepat,capat
sisa,keraddak
cembung,cambong
aneh aneh,endah-endah
makan lalap,ngullam
lalapan,ullaman
ngeri,ngarre'
ngeri,ngarrek
menjuntai,kelek-kelek
keranjang besar,baka'
membersikan gigi,ningnga'
membersikan gigi,ningngak
gendut,gammok
sate,sate'
sate,satek
ibu,ummak
sok tahu,sok tau
batas ruas,bukko'
batas ruas,bukkok
pergi keladang,kume
pergi keladang,ke ume
memamerkan,ngedehkan
mabuk,mabok
udara,angin
bentang,lampar
bentang,bantang
kegatalan,kegatalan
berhenti,taem
ayunan,uwak'an
ayunan,ayonan
ayam jago,ayam jogok
pemotong kepala,peneget
tidak berguna,pakke
basah,basa'
basah,basak
hari ini,ari ito'
hari ini,ari ittok
hari ini,hari ito'
hari ini,hari ittok
kertas,kerattas
memperhatikan,meratikan
tilam,sedunni
berceceran,belaceran
permainan tebak-tebakan,sinabak'an
permainan tebak-tebakan,sinaba'an
permainan tebak-tebakan,sinabaan
kesana kemari,siau layau
istriku,biniku
suamiku,lakiku
istrimu,binimu
suamimu,lakimu
istrinya,bininye
suaminya,lakinye
bertumpuk,belonggo'
bertumpuk,betumpok'
tak peduli,daan peduli
teko,ceret
teko,ketel
serem,sarram
talenan,kude-kude
kemaluan pria,paler
habis tanpa sisa,lingis
habis tanpa sisa,langis
celah,callah
mendengung,bedangung
mendengung,bedassing
bersama-sama,besame-same
bersama-sama,besamesame
keluarga,nsanak
ganjen,birah
panjang waktunya,panjang waktunye'
biru,biru
genap,gannap
pondok,dangau
desa,kampong
desa,desa
usil,jajal
gelombang,gelumbang
suara keras,suare nyaring
bajingan,kurang ajar
luka memar,mattu darah
koyak,sirah
kesemsem,tekidum
garuk,garo'
nyeker,lappa' ayam
nyeker,lappak ayam
sambut,sambot
tinggi sekali,tinggi inyan
benturan,berampok
bening,banning
mudah lupa,lupa' lape'
mudah lupa,lupak lapek
kebelet,kedadasan
ludah,luddah
ternganga,tengangak
ternganga,tenganga'
tertawa terbahak,ngakak
tertawa terbahak,ngakkal
lambat,entet-entet
lambat,lambat
sulit diharapkan,payah diharapkan
itu,iyye
bunuh,bunoh
jatuh,tibuang
lekat,lakkat
memikir sesuatu,merekke
memikir sesuatu,meleke
memikir sesuatu,mikerkan sesuatu
malas,malas
nafas,napas
ingin,mao'
ingin,maok
ingin,na'
wadah,tampat
kepengen,carrat
pingin,carrat
alih,aleh
buruan,yo capat lah
gejala demam,meriang
menikah,nikah
bekas gigitan,cangkit
terengah-engah,angas
terengah-engah,hangas
memantul,mantol
meledak,meladak
tolol,bangak
serangga,kerangge
sisa,bakas
sisa,bagas
nilai,ponten
nilai,nilai
menggigil,ngelaggasan
tebal,tabbal
nyesal,nyassal
mulus,lanyum'
mulus,mulus'
maki,carrut
gemuk,gamok
buncit,boncek
berlubang,bopeng
tidak perlu repot,usah nak kalut gilak
terpesona,tepesona
menjadi-jadi,makin jadi
menjadi-jadi,makin nyadi
tidak ikhlas,an ikhlas
tidak ikhlas,dak ikhlas
begini,gaito'
begini,geto'
begini,gaitok
begini,getok
tertawa terbahak-bahak,ngakkal
tempo dulu,ge' mare'
tempo dulu,jaman dolok
tempo dulu,gekdolok
cepat,cappat
buaya,jallu
rasa,rase
mulas,mulas
cukur,cukor
rata,rate
menghampiri,magiek
tuli,tulek
malak,nakek
kebelet pipis,kedaddassan
terimakasih,makaseh
lumur,lummor
berlumur,belumor
beri,barek
beri,bare'
kakek,nek aki
memasak,bemasak
berderai,tiburai
berderai,bedarai
kucel,kotor
kucel,bakok
gitu gitu,geye geye
mengasah,ngansah
musuh,musoh
saat ini,kinnito'
saat ini,kinnitok
saat ini,kin itok
saat ini,kin ito'
tergelincir,telincer
penat,panat
busuk,bangar
kita,kite
kunci,sondok
harusnya,kanda'ang
empat,ampat
kaleng,canting
mengeriput,ngerisut
mengeriput,ngeriput
coreng,calar
jala,jale
licik,bangsat
curang,bangsat
curang,singakal
tidak ada,sean
join,gabong
join,ikut
gisul,tukak
kotoran telinga,tek tulek
kotoran telinga,taek tulek
kaku,kako'
membuka paksa,bukak pakse
membuka paksa,mukak pakse
membuka paksa,buka' pakse
membuka paksa,muka' pakse
lanjit,centil
rangkul,dako'
rangkul,rangkol
mengerjakan semua,ngerajekan semue
paham,ngerati
setelah,lakka'
nama daun,name daon
pemenggal kepala,peneget
sebelum,sebalom
putih,puteh
putih,kappoh
mendirikan,nirikan
mendirikan,ndirikan
gundukan,bandol
tumpul,tumpol
tikam,tikam
anak nakal,biak soso
engkau,kau
juga,juak
tidak sadar,illang ladde
tidak sadar,daan sadar
iya pasti di jaga,aok pasti di jage
sepupu,petungalan
ejek,ngolok
tuduh,tudoh
hirau,irraw
cepat habis,capat abis
begitu,giye
puas,puas
remang-remang,kaddau
terlalu cantik,cantek gilak
nyamuk,nyamok
cubit,kubbik
kulit terbakar sinar matahari,kulik tebakar kanak sinar mateari
mengubah,ngubah
hidup kembali,idup agek
memelihara binatang,miare binatang
sanak saudara,sanak sodare
awas kamu harus bertanggung jawab,awas kau harus tanggong jawab
hubungan seksual,ngentot
menggelantung,kelek-kelek
menenun,nannun
ketakutan,sawan
senggol,nyenggol
membawakan,mawakkan
mata kena sinar terang,mate kanak sinar tarang
suka menangis,penanak
suka menangis,memer
suka menangis,suke menangis
suka menangis,suke nangis
cengeng,penanak
cengeng,memer
disana,disinun
memancing ikan dengan cara pancing ditinggalkan,ngael ikan pakai kael yang ditinggalkan
pas-pasan,simakai
kulum,lullum
gulung,gullong
kue bolu,bahulu
udahla,udahlah
getah,gattah
gelap,gallap
pengemis,pengamis
panggilan untuk ayah,panggelan untok ayah
empedal,badal
pembohong,pembulak
hambar,masse'
hambar,tawar
gigi tumbuh bertimpa,gigi tumboh betimpak
wadah,wadah
belum disunat,kullup
labu,peranggi
putar,kissar
bolak-balik,kilek-kulu
mulai marah,ngangat
kenapa sekarang jaman sulit yah,ngape kinitok jaman susah i
ikan lele,ikan kale'
pukimak,kimak
sendawa,raggak
bahaya,bahaye
bangun kesiangan,mbunto'
bangun kesiangan,munto'
bangun kesiangan,mbuntok
bangun kesiangan,muntok
bangun kesiangan,bangun kesiangan
mengaku,ngako'
mengaku,ngakok
corak,currak
tegak lurus,cagat
kebaya,kebaye
pas,simakai
meja,meje
alur,alor
suka jalan jalan,suke jalan jalan
kayuh cepat,kayoh capat
pasir,paser
gigi tumbuh bertimpa,gigi tumbok betimpak
diteriaki,kanak keraokek
ceret,ketel
sendirian,senyorang
hajatan,hajatan
melilit,muntal
menghayal,merajab
sekarang kau,itok kau
ambil,ambek
menghayau,ngayau
ganteng,kaca'
orang yang mengadili perkara,urang yang ngadelek pekare
melobi,ngaloi
genit,sundal
langkah,langkah
menutup dengan kain,nutup pakai kaing
pepaya,batek
lengan tak bisa diluruskan,langan daan bise diluruskan
kucel,bakko'
sumbing,bisang
aku ingin makan lauk ayam,aku nak makan laok ayam
masuk,masok
dandan,massen
lanjut,lanjut
tidak pas,bisingka'
tidak pas,bisingkak
tidak pas,besingka'
tidak pas,besingkak
ngangkang,ngengkang
bodoh,tuyak
dijadikan istri kedua,kanak jadikan bini kedua
benak,bannak
degil suka menggannggu,jajal suke ngacau
makanan bayi,makanan biak kacik
pemarah,pemanas
mengambil dan mengumpulkan cairan karet kedalam ember,ngambek dan ngumpolkan caeran karet kedalam ember
kena,kanna'
kena,kannak
orang,urang
lebih,labbeh
sifat kegila-gilaan,antu bale
kantor desa,balai desa
mengejar layang-layang,kontet
karena,karne
meriam dari bambu,laggum
sengaja,sengaje
emosi,ngangat
kerak nasi,karrak nase'
kerak nasi,karrak nasek
rambutan yang isinya mudah dipisah dari bijinya,rambutan kelotok
kurang waras,babang
jemur,jammor
terserah,kak ati
terserah,pakai tolen
pergi tanpa tujuan yang jelas,pagi tanpa tujuan yang jallas
jamban keluarga diatas sungai,jamban keluarge diatas sungai
mudik,muddik
sana,sinun
makan dengan rakus,meradak
melarang,nagahkan
kepok,kappo'
caranya,carenye
buntung,buntong
melamun,inconom
dibohongi,dibulaek
indahnya bulan tak seindah wajahmu,indahnye bulan daan seindah parasmu
secara,secare
bau sangat tidak enak,bau badam
rumput alang-alang,alang-alang
terkenang,tekanang
nangka,nangka'
nangka,nangkak
nangka,nangka
menurutku,jikku
menurutku,menurutku
keping,kapping
terbalik,tongkeng
terbalik,tempang
memangnya,emangnye
bunga,bunge
ceroboh,cerobok
kemana-mana tak tentu arah,kemane-mane daan tantu arah
mataku perih,mateku paddeh
emping,bago'
masih kuat,gancang
masih kuat,maseh kuat
terserah,ka'ati
buih,bueh
dahulu,dolo'k
oke deh,aoklah
oke deh,okelah
mengasuh,ngansoh
lewat,limpas
hampar,ampar
menjajakan,nyajekan
kebetulan,namune'
kebetulan,namunek
gelasan,gallasan
walaupun,biarpun
hirup,irup
cantik dan mungil,ciramut=
berhamburan,terburai
induk,indo'
induk,indok
menutup seluruh badan,nutup seluroh badan
duduk wanik,duddok pippe'
duduk wanik,duddok pippek
ngarayap,intayap
berpasangan,bepasangan
diolok,kanak olok
pelit,lokek
amis,ampis
kerdil,ketet
kalah sebelum bertanding,kalam sebalom betanding
belalang,balang
akibatnya,rappokkannye
akibatnya,akibatnye
sejenis tombak,sejanis tombak
gali,gale'
gali,galek
bujang tua,gawak
diejek,kanak olok
ngisi,ngise'
ngisi,ngisek
menebak,nujjum
kurang terang,kaddau
kurang terang,kurang tarrang
mainan,maingan
guna,gunne
diberi,kanak barek
diberi,dibarek
cerai,carrai
makna,makne
rambut tipis,langar
menjulur,jolor
menjulur,njolor
menjulur,nyolor
anak keempat,anak keampat
kodok,katak
terlupakan,kanak lupakkan
eror,rusak
pukimak,kemak
menutup,nutup
kelereng,guli
keluarga baru dari perkawinan,keluarge baru dari perkawenan
pundak,bau
bahu,bau
makan bersama khalayak ramai,makan beramai-ramai
bergoyang,begoyang
mengakui,ngakok
mengakui,ngakoek
mengakui,ngakoe'
pada waktu dahulu,gek dolok
upaya dalam menelusuri silsilah keluarga,upaye dalam nelusurek silsilah keluarge
tidak biasanya,janggal
tidak biasanya,daan biasenye
alas,lapik
bawel,cerewet
gemuk dan lamban,gamok dan lambat
mertua,mertue
pantat yang besar,tonggek
pantat yang besar,tongge'
terlalu cantik,kecantek'an
kaos,baju
ruwak,kruwak
musim,mussem
pelit,loke'
emas,ammas
mengunyah,ngampa'
mengunyah,ngampak
kumpul,ngumpol
pagi sekali,pagi inyan
mengapa,jape
warna hijau tua,bayau
suruh,suroh
cincalok,paddak
harga,harge
kupas kelapa,gusak kelapa'
kupas kelapa,gusak kelapak
kupas kelapa,ngusak kelapa'
kupas kelapa,ngusak kelapak
berbeda,bede
berbeda,laing
ebi,pappai
bau kentut,bau kantut
melakukan sesuatu diluar jangkauan,melakukan sesuatu diluar kemampuan
betis,battis
tumbuh,tumboh
berdiri tegak,ticagat
hitam pekat,laggam
sama sekali tidak sependapat,daan sependapat
ngotot,nakkak
derita,derite
kebiasaan,kesalle'an
kaki seribu,intigi'
kaki seribu,intigik
ditakdirkan,kanak takderkan
ditakdirkan,ditakderkan
himpit,impik
garing,rangup
gendut,gandut
depannya,dapannye
penyot,kappe'
penyot,kappek
terus,tolen
hadap,adap
hadap,ngadap
mengasuh bayi,ngansoh biak kacik
seterusnya,kak iye
seterusnya,lakak iye
kedip,ngirrap
bergoyang-goyang,begoyang-goyang
gulungan kain,gulongan kaing
membanggakan miliknya kepada orang lain,ngedehkan noknye ke urang laing
main kartu,maing kartu
hampir masak,mangkallan
hampir masak,amper masak
kasur,sedunni
akrab,akrab
merajuk,merajok
main lumpur,bekumbah
main lumpur,maing lumpor
kumbang,kumbang
jangan coba-coba,nampah
jangan coba-coba,usan nak cobe-cobe
tidak bisa berdiam diri,ngelattap
tidak bisa berdiam diri,daan bise diam
memancing ikan gabus,ngotek
hanyut,anyut
memangnya,memangnye
kelakuan sehari-hari,kelakuan seari-ari
mengusir nyamuk,nguser nyamok
langgir,langger
gua,gue
merekayasa,mereke
senyum,sanyum
senyum,tekidum
tidak perlu,daan jarreh
membelah,nampang
membelah,mallah
buluh,aor
terpampang,tesendeng
terpampang,tepampang
cuaca hari ini panas banget,cuace ari itok panas inyan
canda,pongah
amuk,amok
depan rumah,serambek
depan rumah,dapan rumah
terduduk,teperedok
terduduk,tedudok
jilbab,kerudong
jilbab,kerudung
jilbab,jilbab
celana pendek,celane pendek
ya udah,udah lah
minta ikut,nak ikut
tiga,tige
manadah air,nadah aek
mendorong,nullakkan
mendorong,norong
udara,hawe
kopiah dari arab,songkok dari arab
biri-biri,ganda'
kemaluan laki laki,paler
kebal,kabbal
makanan makhluk halus,makanan antu
lemah,gaggai
kecewa,beda'we
kecewa,bedakwe
memanggil,sarroe'
memanggil,sarroek
memanggil,manggel
batuk keras,betakol
kunci dari kayu,sondok
sembelih,gorok
anak hasil hubungan gelap yang tidak mempunyai ayah,anak ampang
gelang jimat bayi,gerunnong
terserah aku,kaatiku
bekelahi,betumbok
celak,callak
berisi,berisek
merancak,menabrak
kata hubung untuk kalimat pertentangan,kate hubong yntok kalimat yang betantangan
sulit dilewati karena ada semak belukar,payah dilewatek karne ade rampok alik
orang,biak
goncengan,gonceng
buang air besar,berak
basah kuyup,basa' buso'
basah kuyup,basak busok
kenapa,ngape we
puki,pukek
mancung,mancong
burut,burrut
telinga berdesing akibat suara yang memekakkan,telinge bedasing karne suare yang nyaring
pemberitaan,pemberitean
injak,kaccak
daun sayur kas untuk bubur pedas,daon sayok untok bubor padas
kereta api,gerete api
kacamata,kacemate
sebagai,selaku
berak tapi hanya sedikit tahi yang keluar.,berak tapi cuman sikit taeknye yang keluar
menelpon,nelpon
perduli,peduli
hampir cerai,brambangan
hampir cerai,berambangan
jalan jinjit,nunjing
susah dan sedih,susah dan sadeh
semalam,simalam
tembem,timemek
lonjong,bonjong
tidak akan,besumpik
sesat,sassat
peci,songkok
banyak,bejibun
pelit,peretok
berbuat,bebuat
penasaran,bedakwe
kolor,kato' sampak
perlawanan keras,belantak
ganjil,ganjel
laki,biak laki
apes,tikannak
kata orang,jinye urang
satu ekor,sekok
terburu buru,gopoh
melamun,ticonom
bodol,dogol
jambul,jambol
keringat,palloh
terasi,belacan
berjalan,bejalan
satu dua tiga empat lima enam tujuh lapan sembilan sepuluh,satu duak tige ampat limak annam tujjoh lapan semelan sepuloh
jin,ajjin
jahanam,jahnam
kerisut,ngerenyot
terkejut,tikajjut
bola mata besar,buak
ajak,jakke'
bisu,awak
bisu,bissu
langau,langau
sayang ku,sayang ku
menara mesjid,kubbah
pelacur,lonte
wajah,paras
binasa,binase
jual,nyual
durhaka,derahke
sadar,ladde
jingga,jingge
geram,garram
mengetam padi,beranyi
pembuka,pembukak
mengatai,ngatekan
mengatakan,madahkan
tunggir ayam,dogeng
menanam padi,camai
menanam padi,incamai
menanam padi,ncamai
mengaduk,arau
menyadap pohon karet untuk memperoleh getah.,nyadap pohon kare untok napatkan gatah
bagaikan,bagai na'
bersin,kasek
beritahu,padahkan
beriahu,padahkan
kelereng,bahpal
sembuh,samboh
langit-langit,dek
mikir,miker
terjatuh,tekelidas
lihat,liat
terkenang,tikanang
lemak,lammak
bergoyang,lenggar
bingka,bingke
rakus,tammak
kali,kalu
ketahui,ketahue'
ketahui,ketahuek
naga,nage
berongga,geronggang
berhasil,berasel
kehilangan arah,keilangan arah
bendera,pendere
harganya,hargenye
cobalah,cobelah
tidak ada yang keluar sebagai pemenang,sian yang keluar jadi pemanang
anak nomor dua,anak nomor duak
nama saya,nameku
nama saya,name saye
belut,lindong
menyepak,nyepak
kini,kinni
kuat kerja,gancang
kuat kerja,kuat keraje
kira,kire
kukira kamu lapar,kireku kau lapar
kukira kamu lapar,kukire kau lapar
kira,dugge
tersandung,tedanggol
tersandung,tesandong
tergeletak,tigeletak
mengkerut,bekarrut
berhenti merokok,taem merokok
nasi yang kurang matang,nummak
pergi entah kemana,pagi intah kemane
pantesan,patut
pantes saja,patutlah
punya,no'k
pijat,urrut
mengetuk kepala,nukko' kepalak
musim tanam padi,musem nanam padi
iyelah,aoklah
anjing,aso'
menabrak,melanggar
melakukan sesuatu,bekerenah
melakukan sesuatu,ngerajekan sesuatu
sudah datang,udah datang
gelap,galap
kuat-kuat,ngancang
pukul,tagum
burung tekukur,tekukor
kota,kote
ruang depan,serambek
ruang depan,serambe'
ruang tamu,serambe'
bertengkar,becakkak
bertengkar,betangkar
terbangun,tebangun
pakaian dalam,cawat
minyak,binyak
kerasukan,kemasokkan
kolot,sapok
terserah saya,kaktiku
penyengat,penyangat
hina,hinne
bekas pukulan,belintan
colok,cuccok
korek api,maces
nyenyak,nyanyak
dahulu kala,gek mare'
abang saya tidak akan seperti itu kalau tidak ada orang yang merusak kebahagiaan nya saya tau jelas sifat dan sikap abang saya dia tidak akan diam jika ada orang yang merusak atau menghancurkan kebahagiaan nya,abangku daan mungkin macam iye mun sian urang yang merusak kebahagiaan nye aku tau inyan sifat dan sikap abangku due daan mungkin diam mun ade urang yang merusak atau ngancorkan kebahagiaanye
abangla yang tanya,abanglah yang tanyak
abangla yang tanyain,abanglah yang tanyakkan
Ada kah cinta yang tak pernah berakhir,ade ke cinte yang dak suah berakher
ada tak,ade ke sian
aduh gak jelas,addoi daan jelas
aduh kasian,addoi kasian
agak kering rasanya,agak karring rasenye
agak sedikit asam,agak masam sikit
air mata akan berbicara saat mulut tak mampu lagi menjelaskan,aek mate yang akan ngomong pas mulut daan rabbah agek nak menjelaskan
ajarin dong,ajarek lah
akan aku jemput d tempat biasa,kalak ku singgahek di tampat biase
akhirnya saya sampai pada titik dimana saat melihatmu menjadi biasa saja dan mengingatmu tidak lagi luka,akhirnye aku sampai pade titik dimane pas meliatmu udah jadi biase ajak dan mengingatmu daan agek lukak
aku ada mendengar kabar bahwa dia sudah cerai,aku ade nangar kabar bahwe die udah carrai
aku cuman mau  minta  maaf karna besok mau raya,saye cuman nak mintak maaf karne issok udah raye
aku harap kamu tidak akan pernah meninggalkan aku untuk sekian kali nya,aku arap kau dak bakalan ninggalkan aku untuk ke sekian kali nye
aku ingin kamu ada disini,aku nak kau ade disitok
aku ingin kepasar,aku nak kepasar
aku ingin pasar,aku nak pasar
aku lapar,aku lapar
aku mencintai mu,aku cinte kau
aku orang natuna kalaw kamu orang mana,"aku urang natuna, kau urang mane"
Aku sakit kepala,aku sakit kepalak
aku sekarang lagi ada di luar kota,itok aku agek diluar kota'
aku tanpa kamu,aku tanpe kau
aku tidak mengerti,aku daan ngerati
aku tunggu sampai tidur,aku tunggu sampai tidok
negara,negare
manusia,manusie
senter,cuar
senter,sentar
harapan,arapan
jumlah,total
memaksakan diri,nguatek
memaksakan diri,maksekan direk
bodoh,saddol
tergenang,tigannang
tepung kanji,kanji
mencari sampai dapat,nyarek sampai dapat
deras,darras
mendung,mandong
bupet,bopet
sembelit,kebabballan
tergesa-gesa,ka'keradak
tergesa-gesa,ta'keradak
tergesa-gesa,kakeradak
tergesa-gesa,tak keradak
bilang,padahkan
tenang,tanang
tidak berani karena merasa tidak mampu,daan berane karne merase daan mampu
gambas,lappang
menanam,nanam
4 hari setelah besok,4 ari lakak isok
namun,tapi
kental,kantal
nomor,nomor
mana nomor hpmu,mane nomor hpmu
togel,nomor
aku beli togel di pasar pagi,aku mali nomor dipasar pagi
bermain,ncaan
mempunyai,ade naroh
mempunyai,ade nyimpan
okelah,aokbe
okelah,aokwe
okelah,aoklah
menoreh,nurreh
nama ikan laut,gambong
keponakan,anak buah
cocok,nyarrap
durhaka,durhake
memindahkan,ngalehkan
luka,lukak
bagian,cabang
anu,anok
belok,melok
menemani orang berbicara,berelon
menemani orang berbicara,ngawankan urang ngomong
jerit,kejarrik
jalan-jalan,janjang
makan sirih,nyirreh
makan sirih,makan sireh
merepotkan,nyusahek
memakan makanan sisa,gutti'
tusuk,cuccok
muntah,muntah
tertawa,betawak
hujan rintik,rintik
gerimis,rintik
geleng,ngelek
mau,nak
mengapung,timbol
mengapung,ngapong
tempat pencucian pakaian,tampat nyuci pakaian
bau pesing,lassing
goblok,bodo
mirip,macam nak
kerap,karrap
kerap,karapan
walimahan,acare nikahan
pilih,pileh
bergemuruh,ngelantar
barusan,barro' nak
terperosok,tiperosok
celana pendek,kattok
gemetar,begagar
bicara terus,ngomong tolen
ksaku,kocekan
merembes,melarrah
kesemutan,panat
kesemutan,kesamutan
sebentar lagi mau pulang ke jawa,bantar agek nak balik ke jawe
menjulurkan lidah,tijaller
menjulurkan lidah,nyulorkan lidah
lemah,lammek
benang,bannang
menghantam,ngantam
sanggul,sanggol
kupas,gussak
selalu,tolen
selalu aku,aku tolen
berkelahi,kelai
usaha sambilan,usah sambelan
makelar,cangkaw
sekarang kamu,kinitok kau
tadi malam,semalam
tadi malam,tadek malam
jangan bohong ya za,usah nak bulak za i
mengompol,tibubok
mengais,kais
terbesar,paling basar
segera bangun,geliat
banyak jumlahnya,belonggo'
banyak jumlahnya,banyak jumlahnye
duduk ngangkang,tikengkang
teriak teriak tak karuan,keraok kepakau
bujur,bujor
kidal,kebak
mengolah,ngolah
payau,masse'
payau,massek
mikirkan,mikerkan
dower,labik
makan di sana,makan di sinun
memanjakan,ngampoi
menipis,nippis
membuat,molah
hingar bingar,kalut
melihat,mantau
hidup,idup
benih,banneh
tahi lalat,tae' lalat
tahi lalat,taek lalat
tahi lalat,padok
bendo,cakkah
di mana,di mane
menyapu,nyapu
mengambil,ngambek
tidak berbiji,kumping
sangat cepat sekali,bedassut
membunuh,mbunnoh
membunuh,munnoh
ereksi,canggar
bodoh,nodo
mengikut,ngikut
gusi,gusik
gusi,gusi'
lada,lade
tidak tahu,dak tau
mengintai,ngintai
pegang,piggang
diperiksa,kanak perikse
diperiksa,diperikse
gemuruh,gurroh
gemuruh,gemuroh
termenung,temanong
selama,selamak
membelah,ballah
tak berdaya,daan bedaye
berenang,bekappak
mikirin,mikerkan
jengkol,jarring
membidik,ninting
aduh,addoi
sesaat,bantar
asma,sussut
sakit perut,sakit parrut
ling-lung,lingau
kerak nasi,karak nasek
menampilkan,nampelkan
mengkilat,laccoh
tiarap,ninggkap
orang gila,urang gile
memperhatikan,irraw
memperhatikan,meratkan
demam,dammam
mencoba,narrai
mencoba,nyobe
sagal,iba
melakukan hal yang sama,ngerajekan hal yang same
garis jalan,alor jalan
mencintai,cinte
mencintaimu,cinte kau
tidak karuan,nda' tantu
tidak karuan,ndak tantu
berhenti-henti,beranti-ranti
astaga,yakbayak
subuh,suboh
ngopi,ngenam
longgar,ngelewer
duga,dugge
hibah,hibbah
kenalan,kanalan
bagian tengah perahu,daggong
lama lama,lamak lamak
tidak bisa melihat,daan bise meliat
rindu,salo'k
rindu,salok
rindu,salo'
fitnah,fitnah
sisa,sissa'
sisa,sissak
kandang binatang,kurongan
hina,inne
hina,hine
kalau,mun
kalau,pun
toilet,wc
kerumunan,kerumonan
beristrikan,bebinni
kuini,koini
memanggil,nyarro'
merasa,merase
goyang,guncang
gak suka,daan suke
gak suka,an suke
gak suka,dak suke
robek,royah
mengapa begitu,tang gayye
mengapa begitu,ngape tang gayye
mencabik,nyirrah
merupakan,merupekan
bikin,buat
memberi sesajian,nyemah
emping,amping
tega,saggal
emping padi muda,cance
hari-hari mangga,musem mangga
air,ae'
ngiler,maccor
ngiler,carrat
pelan pelan,alon-alon
pelan pelan,palan-palan
menguap,nguap
tampar,pelasah
cie,jey
semoga,mudah-mudahan
perhatikan,peratikan
lesung pipit,sojen
berdengkur,nyangor
budak budak,biak-biak
bohong,mbulla'
bohong,mbullak
saling pukul-pukulan,betumbok
menggelembung,ngelambong
orang yang bicaranya ceplas-ceplos,urang yang ngomongnye asal keluar
"Berjanjilah padaku bahwa kamu tidak akan melupakanku karena jika aku berpikir kamu akan melakukannya, aku tak akan pernah pergi","bejanjilah ku aku bahwe kau ndak bakalan melupakan aku karne apebile aku bepiker kau nak melakukannye, aku ndak akan lari"
rakus,sallak
terus menerus,tentolen
ndak,da'an
sedikit sekali,sikit inyan
celana dalam,cawat
ketua,ketue
"meriam bambu,lagum""",
saling menyalahkan,singasian
saling berargumen,singasian
jalur,jalor
kacau,cacau
memasak nasi,merapi
tiarap,tikapah
tiba,datang
bijaksana,bijaksane
sombong,lawa
sombong,krewak
penuh,pannoh
penuh,panoh
kanak,biak
menutupi,ngumbok
menutupi,nutupek
parit,parik
sedang,agek
sedang,age'
akhir,akher
tersakiti,kana' sakitek
tiduran,tidok
lampu aladin,lampu aladdin
tempat tidur,rasbang
gotong royong,keraje bakti'
memotong,motong
sudut,pitok
haul,hol
beritahukan,padah kan
beritahukan,padahkan
beritahukan,padahek
teganya,teganye
teganya,sagalnye
teganya,sagal inyan
kedekut,lokek
kedekut,palek
kedekut,retok
kedekut,keminting
selimut,gabbar
liburan,liburan
mengambil foto,moto
mengambil foto,ngambek foto
astaga,bayya'-bayya'
astaga,bayak-bayak
sadar,insap
dendam,dandam
lena,lene
memperkirakan,ngirekan
silau,panar
buang air kecil,kancing
besi,bassi
mengguyur,guyor
menyentuh,nyantoh
olehnya,leh heng
kebetulan,kebatollan
terbiasa,tebiase
mula,mulle
woi,oi
sangat banyak,banyak inyan
sangat banyak,bejibun
apa yang kamu cari,ape yang kau carek
badol,badol
janda,jande
sundal,birrah
bangun dengan cepat-cepat,meruggas
bengkarung,kadal
memeriksa rumah,merikse rumah
tikungan,sileko
semak belukar,rampo'
semak belukar,rampok
semak belukar,pok rampok
merangkak,beranggong
sumbing,bissang
talam,redang
bergantungan,begantongan
bergantungan,begandol
celaka,celake
menjerit,nyarik
angsa,angse
permen,gule gule
wah,belle
wah,joy
mulia,mulie
bukan main,kan agek yeh
goyang-goyang,bejoget
goyang-goyang,bejoget joget
goyang-goyang,bejoget-joget
kawan akrab,kawan kantal
kawan akrab,set kantal
pakis,miding
dapur,suyyok
dapur,siyyok
satu saja,sigek ajak
satu saja,sigek jak
jimat,jimmat
lampin,lamping
tersandung,tidanggol
naksir,nakser
kamu bersama siapa,kau dengan sape
berceceran,bececeran
tetap,tattap
memberitahu,marek tau
tergiur,carrat
tergiur,tegior
Satu-satunya,inna'-inna'ang
Satu-satunya,innak-innakang
Satu-satunya,inna' inna'ang
Satu-satunya,innak innakang
Satu-satunya,inna'-inna'nye
Satu-satunya,innak-innaknye
Satu-satunya,inna' inna'nye
Satu-satunya,innak innaknye
berbaring,gurring
sampan,perau
lelah,kapak
busung,bussong
tak berdaya,telempe
setelah,lakkak
lo,kau
azan,ngabbang
habis tak bersisa,langngis
pintu,lawang
hormati,hormatek
ini,itto'
muara,muare
abg,biak muda
mau kemana,nak kemane
sangat besar,bassar inyan
agak asin,masse'
supaya,gare
supaya,supaye
cicip,japai
pikiran,pikeran
batas ruas jari,bukko' tangan
mengelap,incalap
laksana,laksane
mengakui,ako'
selalu,malar
senapan,senapang
jingkrak,engke'-engke'
jingkrak,engkek-engkek
jingkrak,engke' engke'
jingkrak,engkek engkek
berkata,madahkan
diatas,nenjen
besar,bassar
denyut,dannyot
kamu,dirrek
dirinya,die
iba,saggal
iya sama,aok same
buta,bullar
rapi,beres
datangi,sirre'
mendatangi,nyirre'
datangi,sirrek
mendatangi,nyirrek
datangi,natangek
mendatangi,natangek
berbicara asal-asalan,ngeramput
kesawah,ke umme
kata mu,jimu
katamu,jimu
mustahil,mustahel
ilalang,lalang
jatuh,cecer
bakung,bakong
gara gara,gare gare
biar,alekan
biar,lekan
amil,labbai
bersembunyi,betappor
design,currak
meletup,melattup
dikaitkan,dikaikkan
tukang pandai besi,tukang mantan
tukang pandai besi,tukang pantan
dahulu kala,ge' mare'
dahulu kala,gek marek
bubur pedas,bubbor padas
berjumpa,bejumpe
ngambek,merajok
rupanya,rupenye
sudah makan,udah makan
jaman dulu,gek marek
mengelap,nyallap
mengatur,ngator
tempias,impiyas
meringkuk,ngetok
berdesak-desakan,begasak
potong,irris
nanti,kalla'k
tidak tahu,da'an tau
asem,masam
benar,inyan
daki,taggar
berfoto,bepatrek
kambuh,kamboh
kumat,kamboh
agar,gare
terkelupas,ngelopak
berselimut,bekumbo'
laron,cakkaller
tekan kuat,hannyak
mendadak,muggekan
berkumur,ingkurrup
gigi maju,jonga'
gigi maju,jongak
kota,kota
dahi yang luas,jandol
Satu-satunya,ina'ang
mengembalikan,mullangkan
mengembalikan,malikkan
sanak saudara,insanak
diambil dengan jari,japput
kasihan,sagal
memang sudah diketahui bakal demikian,jamman dah tau
melengkung,melangkong
melengkung,ngelok
sampai,anggan
bergumul,begumal
bergumul,begumol
kelasnya,kalasnye
pelit,rettok
apaan,ape we
apaan,apewe
suara berat,garrau
putus,pagat
buluh,abe'
buluh,abek
buluh,buloh
melerai,melarak
tersungkur,tejerungus
tersungkur,tesungkor
genangan,gannangan
pakaian bekas,lelong
lain dari yang lain,endah
beda,endah
sembarang,semarang
jika,pun
begini,gai tok
bangunin,bangunkan
bangunin,bangunek
bangunin,bangune'
tebar,arai
berpelukan,bedako'
berpelukan,bedakok
kena,kanak
kena,kana'
kemban,kamban
bingung,kassal
bopeng,borek
kapalan,kadalan
tangannya kapalan,"""tangannye kadalan"""
lelet,entet-entet
kemasukan,kemasokan
geram,ngerigitan
jelek,johot
jelek,daan bagus
jenggot,janggut
lembek,liccak
bodoh,babbal
remang-remang,kadau
mengayam,ngayam
Satu-satunya,na'ang
azan,ngabang
anai anai,anai
anai-anai,anai
jala besar,jale basar
orang sangat pelit,kedakkut
lepaskan,lunsong
lepaskan,lapaskan
kelahi,kelai
selangkangan,perangka'an
selangkangan,perangkakan
berlubang,belobong
ikan segar,ikan iddup
ikan segar,ikan sagar
biji,bigge'
jagung,jagong
bulat,bullat
mending,maseh pakai
belum di khitan,maseh kulup
merasa tidak puas,beda'we
susah,payah
teriak-teriak,kak keraok
haus,aus
disitu,disie
anting2,subbang
kutu,gutu
tuna wicara,awa'
tuna wicara,awak
matahari,mateari
bermain,incaan
bermain,inca'an
bermain,incak an
bermain,bemaing
lancar berbicara dan merangkai kata,lancar ngomong dan merangkat kate
sangat jauh,jaoh inyan
deram-deram,darram-darram
besok,issok
bergerak dicelah-celah,nyallah
tidak terbiasa,singkol
capek,kappa'
menyikut,nyiggong
menjulurkan lidah,tejaller
segala,segale
tidak ada,dissek
ketiak,kalintiak
ketek,kalintiak
ceper,redang
apakah,apeke
bodoh,sadol
berpindah,bekaleh
berpindah,bepindah
tidak pergi,nogo'
jiwa,jiwe
gelisah,ngelinsar
membesar,melanner
membesar,massar
sepertinya,rupe-rupenye
sepertinya,rupenye
sepertinya,nampaknye
seperti,macamnak
seperti,macamn ak
seperti,cam nak
patutlah,pantasan
mengeja,ngeje
sangat gemuk,gambau
buat,polah
pecah,paccah
pecah,simpak
serius,singinyan
goda,gode
traktir,jamin
putri malu,kangkong supan
teman,kawan
tertabrak,telanggar
pembatas,intare
"terjatuh,serampah""",
merenggut,meranggut
gemetar,ngelotek
luas tanpa halangan,lapang
aslinya,aslinye
angkat,anggong
jentik jentik,ngkattek
cuka,cukka'
cuka,cukkak
sobek,sirah
ruas,bukko'
ruas,bukkok
ruas,buko'
ruas,bukok
seperti apa,macam nak ape
seperti apa,gimane
seperti apa,gemane
seperti apa,gaimane
seperti apa,gaymane
lusin,lusen
senyap,sanyap
tak jadi,dak jadi
tak jadi,da' jadi
pemalu,penyupan
berpangku tangan,mlakko'
berpangku tangan,melakko'
berpangku tangan,melakkok
berpangku tangan,mlako'
berpangku tangan,melako'
berpangku tangan,melakok
dibiarkan,dialekan
tenggelam,tengalam
bernasib baik,benaseb bagus
memborong habis,mborok
kayanya,kayaknye
kayanya,nampaknye
kisar,kissar
jalan-jalan,pelasser
dengar,dangar
dengar,nangar
kehilangan arah,pitau
habis tidak bersisa,langgis
habis tidak bersisa,abis daan besisa
cuma,cuman
dagu,jago'
dagu,jagok
kail,kael
minyak goreng,minyak makan
burung pipit,burong pirik
sangat penuh,brasak
sangat penuh,berasak
kemari,sitok
mengenai,kanna'
mengenai,kannak
tidak beres,daan gannah
tidak beres,daan batol
seharusnya,kanda'nye
seharusnya,kandaknye
seharusnya,kandakang
berisik,rioh
lupa,lupa'
panas,berau
panas,angat
mubazir,meruse
ejek,nyakat
keras,karok
keras,karas
lurus,lajjang
lurus,lajang
terlungkup,tetungkup
hiu,io'
hiu,iok
terlewat jauh,belimpasan
jelma,jalme
pantat,burik
seru,suke
tidak berat,daan barat
ringan,lampong
raya,raye
lebaran,raye
bising,ibboh
tuli,tule'
ribut,ingar
guna,gune
nafsu,napsu
baru ini,barok nak kini
lohor,luhhor
memotong,ngarrat
heran,kassal
heran,kasal
jamur,kullat
jamur,kulat
genit,lanjit
lemari,lamari
memikul,gandar
jari manis,jari antu
alim,alem
susah,sulit
ganjal,saddal
jengkel,kassal
jaman dulu,gek dolok
banyak hingga bertumpuk-tumpuk,banyak sampai betumpok-tumpok
ajarkan,ajare'
ajarkan,ajarek
ajarkan,ajarkan
hamil,bunting
bibir bengkak,jungngang
cebong,murrek
cebong,murre'
cebong,murek
cebong,mure'
kentimun,ntimun
kentimun,intimun
pelit,palle'
pelit,pallek
pelit,pale'
kembar,gambar
mati-matian,mati gile
minta ikut,nundak
saling bunuh,bebunoh
makasih,makaseh
berliku,beliku
jongkok,nyerungkong
kaget,tekajut
kaget,tikajut
sangat pandai,pandai inyan
mengambil poto,bepatrek
terjebak dalam lumpur,teporok
tawa,tawak
tawa,tawa'
kondangan,saroan
kondangan,saro' an
kondangan,sarok an
tidak paham,daan ngerati
tidak paham,daan paham
potong,karat
apapun,apepun
iblis,balis
tiup,ambus
menegak,nuntum
kabur,kabor
bingung,bingong
kakek buyut,datok
melahirkan,melaherkan
lampaui,lampauek
dayung,dayong
nggak ada,sian
kecil hati,kacik ati
kecil hati,kaci' ati
jangan,sodah
sudah digigit,udah kanak gigit
gantung,gantong
jauh disana,jaoh disinun
membuat lubang,muat lubang
semak,alik
cat,cet
usir,layah
bangkit,lumpat
mencangkul,nyangkol
berguling,beguling
kucing berkelahi,kucing becakkak
lain waktu,laing waktu
celana panjang,celane pendek
bau keringat,bau ari
dakwa,dakwe
bantu,bantok
aok,iya
cincang,cancang
miring,tempang
benar,battol
ubin porselen,tehel
ikan lele,kalle'
ikan lele,kallek
ikan lele,kale'
ikan lele,kalek
manjur,manjor
habis itu,lakak iye
habis itu,abis iye
menuntun,nuntun
sentuh,santoh
ketinggian air,ketinggian aek
ketam,katam
habis tak bersisa,langis
cukur,cukkor
kakek,aki
menusuk,nyucok
menikahi,nikahek
menikahi,nikahe'
terkentut,tekantut
dua,dua'
warung,warong
jelaskan,jalaskan
kemarin jalan jalan,semari jalan jalan
menelusuri asal usul,beselusor
penuh sesak,berasak
cawan,gallas
terlena,leke
menyimpan,nyimpan
paha,punggong
mangrove,peapi
mangrove,api-api
bubur,bubbor
bubur,bubor
penjara,penjare
menyala,idup
menyala,menyalak
jangan,ussah
gadis,nak dare
bentur,bantor
jenuh,baus
ngos-ngosan,hangas
kata kamu,jimmu
sepeda motor,motor
penggaris,mistar
zaman dahulu,ge' mare'
tenggelam,tenggalam
meriang,ngeranjang
aturan,atoran
celup,callup
basah sekali,lallam
basah sekali,lalam
gandeng,ganding
bekas,baggas
bekas,bagas
pembalap,pembalap
pecah,pacah
cacingan,biaran
lauk,laok
sangat hitam,itam lalu
serak,garrau
gendut,tembam
pancing,kael
tiba,tibe
termenung,timannong
pada waktu dahulu,gek dolo'
nyala,nyala'
nyala,nyalak
alir,aler
buruk,burok
sempurna,sempurne
maafin,maafkan
betah,battah
betah,batah
jalan-jalan tanpa tujuan,ngerayau
tidak malas,daan malas
kata orang,nye urang
ijuk,ijjok
kecil,alus
kecil,kacik
kecil,kaci'
cerewet,mulluttan
cerewet,mullutan
cerewet,muluttan
cerewet,mulutan
banyak omong,mulluttan
banyak omong,mullutan
banyak omong,muluttan
banyak omong,mulutan
isap,issap
isap,insap
kenapa begitu cantik,ngape tang cantek inyan
semua,sume'eng
semua,sumenye
kendur,kandor
kendor,kandor
juga,jua'
kue,kueh
laki laki,biak laki
bruntusan,meranas
bersin,kase'
sini,sittok
sini,sitkok
magnet,bassi berani
magnet,basi berani
tampak,nampak
budak,biak
capil,tanggoy
capil,capel
berliur,belior
buang angin,kantut
cemberut,tebaju'
cemberut,tebajuk
pundak,belakang
kencing,kancing
modul,modul
ketikan,katikkan
mengadon,ngadon
terik,tarik
cemburu,cemburu
berkenalan,kanalan
ventilasi,lubbang angin
ventilasi,lubang angin
tunggang langgang,balik belungkang
tidak mengakui,daan ngakoek
tidak mengakui,daan ngakoe'
kuda,kudde
kuda,kude
mengadu,betummang
mengadu,betumang
berhias,mesen
noreh,nureh
gabung,gabong
bohong,bullak
menyambar,nyambar
menyisir,bekillas
menyisir,bekilas
benar tidak,batol ke
goda,ngode
desak,dassak
desak,dasak
kemana-mana,kemane-mane
almarhum,janat
potongan pinggir,simper
memeras,parrah
menggelepar,ngelattap
menggelepar,ngelatap
menggelepar,ngelapar
menggelepar,ngelappar
angkuh,kerewak
tak tentu arah,soksasap
lengah,leke
lengah,leler
rasa nya,rase nye
rambutnya,rambutnye
kurang lancar,daan lancar
kangen,salok
sudah tau resikonya besar masih juga dilakukan,dah tau resikonye basar maseh juak di kerajekan
bengis,bangis
satu buah,sigek
aliran,aleran
ini,ito'
ini,itok
gemerincing,bedancing
berjalan dengan sebalah kaki,bejalan pakai sebalah kaki
cuci muka,mpungas
cuci muka,pungas
berurutan,beririk
remang remang,kaddau
goyah,gaggai
kita,kitte
kelereng,gulli
kelereng,buahpal
puncak atap,bumbongan
tahu diri,ngadar
awan,ramang
menyukai,suke
kepada,kepade
lagi,age'
memberi,marek
lupa,luppa'
syukur,syukor
banyak ya,banyak i
block,blok
ungkapan yang digunakan ketika latah,cok kolok
guling guling,guling guling
pembelajaran,pembelejaran
nanya,nanyak
gigit,kakkah
ganteng,ganteng
suara bising,bedassing
membuka,mukak
membuka,muka'
berjalan dengan cepat,meloros
hinggap,inggap
lengkap,langkap
kukus,kukkus
kenapa sekarang jaman sulit sekali,ngape kinitok jaman susah inyan
capek,kappak
capek,kapak
capek,kapa'
lelah,kapa'
kenyang,sabol
sawah,ume
montoknya,montoknye
menebak,nujum
mengajar,ngajjar
pacaran,becinte
tidak pasti,nda' tantu
tidak pasti,nda' pasti
tidak pasti,ndak tantu
tidak pasti,ndak pasti
tidak pasti,daan tantu
tidak pasti,daan pasti
disitu,disiye
bantal guling,bantal gulling
hubungan,hubongan
mata berkunang-kunang,mpapatan
mata berkunang-kunang,impapatan
tasbih,tasbeh
elang,allang
menggemaskan,ngaramek
kebetulan,kebatolan
angguk,anggok
mengecil,ngacik
kerut,ngerissut
mandi,mande'
rok,hem
meladeni,ngelone'
meladeni,meladenek
setengah,sepiak
lucunya,ngaliek
lucunya,kucunye
serambi,serambek
serambi,serambe'
cepirit,terkincik
memberi tanda,nande
keringat,paloh
peluh,paloh
kenang,ngannang
mesin,massen
mesin,masen
terlihat,teliat
lucunya,ngaramek
tidak konsentrasi,daan konsen
bukan saya,bukan aku
kampungan,sapo'
gigi,gigi
betis,batis
tuanya,tuenye
udang,undang
gaduh,gadoh
bertemu,bejumpe
pelabuhan,pelabohan
memikat,mikat
sekarang ini,kinnitok
sekarang ini,kinitok
sekarang ini,kin itok
memberi,marrek
mengaduk,betummang
apa arti nya,ape rati nye
penuh air,panoh aek
hitam,itam
menghitung,ngitong
selimut,gabar
menuduh,nuddoh
menuduh,nudoh
pelit,kedakkut
ambil,ambe'
mengais,ngareh
mengais,ngais
menyimak,nyema'
menyimak,nyemak
menyimak,nyimak
mules,mulas
sore hari,behari
sore,behari
tidak simetris,besingkak
mencicipi,japek
mencuci,nyuci
yang ini berapa duit,yang itok berape hargenye
jempol,indok jari
ibu,ibuk
apakah aku bisa,biseke aku
kejang,kajjang
kejang,kajang
kelewatan,kelimpasan
saya tidur,aku tidok
kapas,kapas
jijik,gati'
muka memerah,berama'
muka memerah,beramak
kampungan,sappok
giat,gogon
sangat basah,lallam
sangat basah,basak busok
gugur,guggor
gugur,gugor
suara rendah,garrau
ayam kate,danna'
memikul,ngambing
ibu jari,indok jari
campur,campor
disana,sinun
mengira,ngire
kapak,beliong
menelan,nalan
panjang,jenjeng
cantengan,mahat
hadir,hader
kalajengking,kale
petir,kilat
alu,alok
terperosok,teperosok
banci,bences
meracau,ngerepe'
meracau,ngerepek
meracau,ngeracau
sangat banyak,betasik
dedek,adek
kenang,kannang
kenang,kanang
selokan,parik
penyakitan,dade'an
puluh,puloh
memagari,ngampang
asam,masam
kabaya,kebaye
tidak tau,daan tau
apakabar,apekabar
isi,isse'
isi,issek
isi,ise'
isi,isek
plastik,plastik
mencuat,ngelaik
ngelepar,ngelanyar
aqiqah,bekekah
tidak,inda'
berselimut,bekumbok
cahaya,cahaye
licin,licing
menjahit,nyaik
jambang,rongos
cangkang,kerubbong
berhala,berhale
menerima,nerimak
rebus,rabbus
menjadi putih,mutteh
jera,jarra'
jera,jarak
timbangan,dacing
nyiur,inyor
nyiur,inyoh
kamar tidur,kamar tidok
gosong,ratong
gosong,rattong
jujur,jujor
keseringan,kekarapan
nggak ada,sean
ngga ada,sean
gak ada,sean
ga ada,sean
bolak balik,besundang
anak-anak,biak kacik
keluarga saya,keluarge saye
terlelap,telallap
berangsur,beangsor
perhatian,peratian
orang darat,urang darat
berangkat kesawah,pagi kume
telungkup,tetungkup
teras rumah,teres rumah
kecil,kaccik
keuntungan,keuntongan
putih sekali,puteh inyan
halilintar,lentar
nyiru,nyirok
kapas,kabu-kabu
baskom,bareng
burung hantu,burong buak
perih,paddeh
perih,padeh
terlalu banyak bertanya,ale'
terlalu banyak bertanya,alek
seolah-olah,cak-icaknye
antena,anten
kering,karring
kering,karing
ketam,kattam
warung makan,warong makan
hujan deras sekali,hujan ribut
aku mencintaimu,aku cinte kau
bintil,bintel
bintil,balat
keranjang,ragak
tengkuyung,kuyong
tengkuyung,tengkuyong
enam,annam
terjatuh,belabbik
kuning indah,kuning langsat
suap,suap
motif kain tradisional sambas,lunggi
bercinta,becinte
obat,tambe
tempat penjagaan,gardu
balutan untuk mencegah gerakan tangan bayi,baddong
menjadi,menjadi
meluas,melarah
bau benda berbahan kain yang disimpan lama,bangngam
ganjaran,hadiah
pengikut,pengikut
terbatas,tebatas
meramal nasib,merasi
akhirnya,akhirnye
mengawali,ngawalek
robek,rambau
memikirkan,mikerkan
sekarang kau,kinitok kau
kalong,keluang
khawatir,khawater
berlalu,belalu
jalan-jalan,plaser
berhubungan,berubongan
dempul,dampol
hempas,ampas
membantu,mantok
hempaskan,ampaskan
terjatuh,telempar
bersenggama,ancik
semangka,semangke
bentak,haok
bentak,ngaok
kencang,kancang
jernih,anning
tabrak,langgar
ikan teri,pusok
tidak tahu,intah
agung,agong
lemah tubuh kamu,lamah badan mu
berkeringat,bepalloh
berkeringat,bepaloh
santai tanpa arti,kelek-kelek
kursi,korsi
bertani,kumme
tega,sagal
curah,currah
baca,bace
terburu-buru,gopoh grapah
perhatian,ratte'
linglung,lingau
aplikasinya,aplikasinye
meniti,nitti
"lumpur,amau""",
berasa,rase
meluruskan kaki,bekajjong
jalan-jalan,bejanjang
berdayung,bekayoh
depan,dapan
berenang,berannang
pikul,gandar
dosa,dose
jantung,jantong
Masihkah,masehke
mengamuk,manas
kapan,bille
turut,turut
bolong,lobong
urutan terakhir,muncik
urutan terakhir,uncik
menahan malu,cammak
biji zakar,bige' paler
biji zakar,bigek paler
semakin,makin
bibir,bibber
bertanding,beradu
bertanding,betanding
bertengger,nengge'
cekatan,cakatan
lumpur,amau
mercon,marcu
ngemis,ngamis
mengajukan usulan,berussol
hutang,utang
pergi kesawah,kumme
cekung,cakkong
ani ani,pengattam
jatuh kebawah,luroh
mengacaukan suasana,ngabutte' ae'
mengacaukan suasana,ngabuttek aek
mengacaukan suasana,ngabuttek ae'
mengacaukan suasana,ngabutte' aek
kurang puas,daan puas
